"x1","y1","z1"
0,0,1
0,-1,1
0,0,1
0,-1,1
-1,-1,1
-1,0,1
-1,0,0
-1,0,-1
-1,1,-1
-1,1,-2
-2,1,-2
-2,1,-1
-3,1,-1
-2,1,-1
-3,1,-1
-3,0,-1
-2,0,-1
-2,-1,-1
-2,0,-1
-1,0,-1
-1,1,-1
-1,0,-1
-2,0,-1
-2,0,-2
-2,1,-2
-2,1,-3
-3,1,-3
-4,1,-3
-4,1,-2
-4,2,-2
-4,3,-2
-3,3,-2
-3,2,-2
-2,2,-2
-2,3,-2
-1,3,-2
-1,3,-3
-1,3,-2
-1,4,-2
-1,5,-2
-2,5,-2
-2,5,-1
-2,5,0
-2,5,-1
-2,4,-1
-1,4,-1
-1,3,-1
-2,3,-1
-2,2,-1
-2,3,-1
-1,3,-1
-1,3,-2
-1,3,-3
-1,3,-2
-1,4,-2
-1,4,-1
0,4,-1
1,4,-1
2,4,-1
3,4,-1
3,4,0
3,5,0
3,6,0
3,6,1
3,6,2
4,6,2
4,6,1
5,6,1
5,6,2
4,6,2
4,6,3
4,6,2
4,6,3
5,6,3
5,7,3
5,7,2
5,8,2
5,8,3
5,8,2
5,8,1
4,8,1
4,8,0
4,8,-1
4,8,0
3,8,0
3,9,0
3,9,-1
2,9,-1
2,9,0
2,9,1
3,9,1
3,8,1
4,8,1
5,8,1
4,8,1
3,8,1
3,8,0
4,8,0
5,8,0
5,8,-1
5,8,0
5,8,1
5,9,1
5,10,1
5,10,2
5,10,3
5,10,4
6,10,4
6,11,4
7,11,4
8,11,4
8,11,3
8,11,2
8,11,3
9,11,3
9,11,4
8,11,4
9,11,4
9,11,5
9,11,4
9,12,4
9,12,3
8,12,3
8,13,3
8,13,4
8,12,4
8,12,3
8,11,3
8,11,4
8,11,5
9,11,5
9,12,5
9,13,5
8,13,5
8,13,4
7,13,4
7,13,5
7,12,5
7,13,5
7,14,5
8,14,5
8,15,5
8,14,5
9,14,5
9,13,5
9,13,4
9,13,5
8,13,5
9,13,5
8,13,5
9,13,5
9,13,6
10,13,6
10,13,7
9,13,7
10,13,7
9,13,7
8,13,7
9,13,7
10,13,7
11,13,7
12,13,7
13,13,7
13,13,8
13,13,7
13,13,8
13,13,9
13,13,8
13,12,8
12,12,8
12,12,9
11,12,9
11,11,9
10,11,9
10,11,8
10,11,9
10,11,8
9,11,8
9,11,7
9,11,8
9,11,9
9,11,8
9,11,9
9,12,9
8,12,9
9,12,9
9,13,9
9,12,9
9,12,10
9,12,11
9,12,12
9,12,13
9,12,14
9,13,14
9,14,14
9,15,14
8,15,14
8,14,14
9,14,14
10,14,14
10,14,15
11,14,15
11,15,15
11,15,16
11,15,15
12,15,15
12,14,15
13,14,15
13,14,14
12,14,14
12,14,13
12,15,13
12,16,13
12,16,12
12,17,12
13,17,12
13,18,12
14,18,12
14,18,11
15,18,11
14,18,11
14,18,12
15,18,12
14,18,12
15,18,12
15,17,12
15,17,13
15,17,14
15,18,14
15,18,15
16,18,15
16,18,14
16,18,15
15,18,15
14,18,15
13,18,15
13,19,15
13,18,15
13,18,16
14,18,16
15,18,16
15,18,15
14,18,15
15,18,15
15,18,16
15,19,16
16,19,16
17,19,16
17,19,17
17,20,17
17,20,18
17,19,18
18,19,18
17,19,18
17,19,19
18,19,19
17,19,19
17,19,20
17,19,21
18,19,21
17,19,21
17,20,21
17,20,22
17,19,22
18,19,22
17,19,22
17,19,23
17,20,23
17,20,22
17,20,23
17,20,24
17,21,24
18,21,24
17,21,24
17,21,23
17,22,23
17,22,22
17,22,21
17,21,21
17,21,22
17,22,22
17,22,21
17,22,20
18,22,20
18,21,20
19,21,20
19,21,19
19,21,18
19,20,18
18,20,18
18,20,17
18,20,16
18,20,17
18,20,16
18,20,15
18,20,16
18,19,16
19,19,16
19,20,16
20,20,16
19,20,16
19,21,16
19,21,17
20,21,17
19,21,17
18,21,17
18,22,17
19,22,17
19,22,18
18,22,18
18,23,18
18,24,18
18,24,17
18,24,16
19,24,16
20,24,16
19,24,16
18,24,16
18,24,15
18,23,15
18,24,15
19,24,15
19,25,15
18,25,15
18,25,16
18,25,15
18,25,14
18,24,14
18,23,14
18,23,13
17,23,13
17,23,12
17,23,11
17,23,10
17,23,9
17,23,8
17,23,7
17,23,8
17,23,7
16,23,7
15,23,7
14,23,7
14,24,7
14,24,8
14,24,9
13,24,9
13,24,8
13,25,8
14,25,8
15,25,8
15,25,9
16,25,9
16,24,9
16,23,9
16,22,9
17,22,9
16,22,9
15,22,9
16,22,9
16,22,8
17,22,8
17,21,8
17,21,9
17,21,8
17,20,8
17,21,8
17,21,9
16,21,9
16,22,9
16,21,9
16,22,9
17,22,9
18,22,9
17,22,9
17,23,9
18,23,9
18,23,10
18,23,9
18,24,9
18,25,9
17,25,9
17,26,9
18,26,9
18,26,10
18,27,10
17,27,10
17,27,11
17,26,11
17,25,11
17,25,12
17,25,13
17,24,13
18,24,13
18,25,13
17,25,13
16,25,13
16,25,14
16,24,14
16,24,15
16,24,16
17,24,16
16,24,16
16,25,16
16,26,16
15,26,16
15,26,15
15,26,16
14,26,16
14,25,16
15,25,16
15,25,17
16,25,17
16,26,17
15,26,17
15,26,18
15,25,18
15,25,17
14,25,17
13,25,17
13,24,17
13,24,16
14,24,16
14,24,15
14,24,16
14,24,15
14,23,15
14,24,15
14,24,16
14,24,15
14,23,15
13,23,15
14,23,15
14,23,16
14,22,16
14,22,17
15,22,17
16,22,17
16,23,17
16,24,17
16,23,17
16,24,17
16,23,17
17,23,17
16,23,17
17,23,17
18,23,17
18,23,18
18,24,18
18,25,18
18,24,18
18,24,19
18,23,19
18,23,18
17,23,18
17,22,18
17,22,17
17,22,16
18,22,16
18,21,16
18,22,16
18,21,16
17,21,16
17,20,16
17,20,17
17,20,16
17,19,16
16,19,16
17,19,16
17,18,16
17,18,15
17,17,15
17,16,15
16,16,15
16,16,14
16,16,15
16,15,15
15,15,15
16,15,15
15,15,15
15,16,15
15,16,14
16,16,14
16,17,14
17,17,14
16,17,14
17,17,14
16,17,14
16,18,14
15,18,14
16,18,14
15,18,14
15,18,13
16,18,13
16,17,13
16,17,12
15,17,12
15,18,12
14,18,12
15,18,12
15,19,12
15,18,12
14,18,12
13,18,12
14,18,12
15,18,12
15,17,12
15,17,13
15,16,13
16,16,13
16,16,12
17,16,12
17,15,12
17,15,11
17,16,11
17,16,10
17,16,11
17,17,11
17,16,11
18,16,11
18,15,11
18,15,10
18,15,11
18,15,12
18,16,12
19,16,12
20,16,12
20,17,12
19,17,12
19,17,13
19,17,12
19,17,13
19,18,13
20,18,13
20,18,12
20,17,12
20,17,13
20,16,13
20,17,13
19,17,13
19,18,13
18,18,13
18,17,13
18,17,14
18,16,14
17,16,14
17,15,14
17,15,13
18,15,13
17,15,13
17,14,13
17,14,12
17,14,11
16,14,11
16,15,11
15,15,11
15,16,11
15,16,10
16,16,10
16,17,10
17,17,10
17,18,10
17,18,11
16,18,11
17,18,11
17,19,11
16,19,11
16,20,11
16,20,10
16,20,9
16,20,8
16,21,8
16,22,8
16,22,9
15,22,9
14,22,9
14,23,9
14,23,10
14,22,10
14,23,10
14,23,9
15,23,9
15,24,9
15,25,9
14,25,9
13,25,9
14,25,9
14,26,9
14,27,9
15,27,9
15,26,9
15,26,10
15,26,11
15,25,11
14,25,11
14,25,12
13,25,12
12,25,12
12,25,13
12,24,13
12,25,13
11,25,13
10,25,13
10,25,14
10,25,15
10,25,16
11,25,16
11,25,15
10,25,15
9,25,15
9,25,16
9,25,15
10,25,15
10,26,15
10,27,15
10,27,16
10,28,16
11,28,16
11,28,17
11,29,17
11,29,18
11,29,17
11,29,16
12,29,16
12,30,16
12,29,16
12,28,16
12,28,15
12,27,15
11,27,15
11,27,16
10,27,16
10,28,16
10,27,16
10,26,16
11,26,16
11,26,17
11,27,17
11,26,17
11,25,17
11,25,16
11,25,17
11,26,17
11,25,17
11,25,18
11,24,18
12,24,18
13,24,18
13,24,17
13,25,17
13,25,18
13,24,18
12,24,18
11,24,18
11,23,18
11,24,18
11,25,18
11,25,19
11,25,20
11,25,19
11,25,20
11,25,19
11,25,20
11,26,20
12,26,20
13,26,20
13,25,20
13,24,20
13,25,20
13,24,20
12,24,20
13,24,20
13,24,19
13,24,20
13,23,20
13,22,20
12,22,20
12,21,20
12,21,21
13,21,21
12,21,21
13,21,21
14,21,21
14,22,21
14,22,20
14,22,21
13,22,21
13,23,21
12,23,21
12,23,20
12,23,21
12,24,21
12,25,21
13,25,21
13,26,21
12,26,21
12,25,21
12,26,21
12,26,22
11,26,22
12,26,22
12,26,21
12,27,21
12,27,20
12,26,20
11,26,20
11,26,21
11,25,21
11,24,21
11,24,20
11,24,21
12,24,21
12,24,20
13,24,20
13,24,19
14,24,19
14,24,20
14,24,21
14,25,21
14,25,20
13,25,20
13,25,21
13,26,21
13,26,20
14,26,20
13,26,20
13,25,20
12,25,20
11,25,20
11,25,21
11,26,21
10,26,21
10,27,21
10,28,21
10,29,21
10,28,21
10,28,22
9,28,22
9,27,22
8,27,22
8,28,22
7,28,22
8,28,22
9,28,22
9,27,22
10,27,22
9,27,22
8,27,22
8,26,22
8,26,21
7,26,21
7,26,20
7,26,19
6,26,19
7,26,19
7,26,18
7,25,18
7,25,19
7,25,18
6,25,18
6,25,19
5,25,19
5,25,18
6,25,18
6,25,19
7,25,19
7,26,19
7,25,19
8,25,19
8,25,18
8,25,19
7,25,19
7,25,18
8,25,18
7,25,18
7,25,17
7,26,17
7,27,17
6,27,17
6,27,16
6,27,17
6,26,17
7,26,17
8,26,17
8,26,16
7,26,16
7,26,15
6,26,15
6,26,14
6,26,15
6,26,16
6,26,17
6,26,18
6,27,18
6,28,18
6,29,18
6,30,18
7,30,18
7,30,17
7,30,18
6,30,18
6,30,17
6,30,16
6,29,16
6,29,17
6,29,16
6,29,17
6,29,16
7,29,16
7,30,16
7,30,15
8,30,15
8,31,15
9,31,15
10,31,15
10,31,16
11,31,16
11,31,15
11,31,14
11,31,13
12,31,13
12,31,12
13,31,12
13,31,11
13,30,11
13,31,11
13,30,11
12,30,11
11,30,11
12,30,11
13,30,11
12,30,11
12,29,11
12,29,12
11,29,12
11,28,12
10,28,12
10,28,13
9,28,13
9,27,13
9,27,14
9,27,15
9,26,15
8,26,15
9,26,15
9,25,15
9,26,15
9,26,16
8,26,16
7,26,16
7,27,16
7,26,16
7,26,15
6,26,15
6,25,15
6,25,16
7,25,16
7,25,17
7,24,17
8,24,17
8,24,16
7,24,16
8,24,16
7,24,16
7,24,15
7,24,16
7,23,16
7,23,17
7,23,16
7,23,17
7,22,17
7,22,18
6,22,18
6,22,19
7,22,19
6,22,19
6,23,19
6,22,19
5,22,19
4,22,19
4,21,19
3,21,19
4,21,19
4,21,20
3,21,20
3,22,20
3,21,20
3,20,20
3,20,21
2,20,21
2,20,22
1,20,22
1,21,22
1,22,22
1,21,22
2,21,22
2,22,22
3,22,22
3,22,23
2,22,23
1,22,23
0,22,23
0,21,23
0,21,22
0,20,22
-1,20,22
-1,19,22
-1,20,22
-1,21,22
0,21,22
-1,21,22
-1,22,22
-1,21,22
-1,22,22
-1,22,21
-2,22,21
-2,21,21
-2,22,21
-2,23,21
-2,22,21
-2,21,21
-3,21,21
-4,21,21
-4,21,20
-4,21,21
-4,22,21
-4,22,22
-4,22,21
-3,22,21
-4,22,21
-5,22,21
-5,23,21
-5,22,21
-5,23,21
-5,23,20
-5,23,19
-5,23,20
-5,23,21
-6,23,21
-5,23,21
-5,23,22
-5,23,23
-4,23,23
-4,23,24
-5,23,24
-5,22,24
-4,22,24
-5,22,24
-5,21,24
-5,21,25
-6,21,25
-6,21,26
-6,20,26
-7,20,26
-7,20,27
-7,19,27
-7,20,27
-7,21,27
-7,21,28
-7,20,28
-7,19,28
-8,19,28
-9,19,28
-8,19,28
-9,19,28
-9,19,27
-9,18,27
-9,19,27
-8,19,27
-8,19,26
-8,20,26
-7,20,26
-6,20,26
-7,20,26
-6,20,26
-6,19,26
-5,19,26
-5,19,25
-6,19,25
-7,19,25
-7,20,25
-6,20,25
-6,19,25
-6,20,25
-6,20,26
-5,20,26
-5,20,27
-5,20,26
-5,21,26
-5,21,25
-5,21,26
-5,21,25
-6,21,25
-6,20,25
-7,20,25
-6,20,25
-5,20,25
-5,21,25
-5,22,25
-6,22,25
-6,22,26
-6,23,26
-5,23,26
-5,23,27
-5,23,26
-6,23,26
-6,22,26
-7,22,26
-7,22,25
-7,22,24
-6,22,24
-6,22,23
-6,21,23
-5,21,23
-5,21,22
-5,21,23
-5,22,23
-6,22,23
-7,22,23
-6,22,23
-6,22,22
-6,22,21
-5,22,21
-5,23,21
-5,24,21
-5,24,22
-6,24,22
-6,25,22
-5,25,22
-5,26,22
-5,26,23
-5,27,23
-5,27,24
-5,27,23
-5,27,24
-5,28,24
-5,28,23
-5,29,23
-5,28,23
-5,28,24
-5,28,25
-5,28,24
-5,27,24
-5,26,24
-5,27,24
-6,27,24
-7,27,24
-7,26,24
-7,26,23
-7,25,23
-7,25,22
-7,24,22
-6,24,22
-7,24,22
-8,24,22
-9,24,22
-9,25,22
-9,25,23
-9,26,23
-9,25,23
-9,25,22
-8,25,22
-7,25,22
-7,25,21
-6,25,21
-7,25,21
-7,24,21
-7,23,21
-7,23,22
-6,23,22
-7,23,22
-8,23,22
-8,24,22
-8,23,22
-8,22,22
-8,22,23
-8,22,24
-8,22,25
-8,22,24
-9,22,24
-10,22,24
-11,22,24
-12,22,24
-12,22,25
-11,22,25
-11,22,24
-11,21,24
-12,21,24
-12,21,25
-12,21,26
-12,21,25
-12,22,25
-12,22,24
-12,22,23
-12,21,23
-12,20,23
-11,20,23
-11,20,24
-11,21,24
-11,22,24
-12,22,24
-13,22,24
-13,22,25
-12,22,25
-13,22,25
-12,22,25
-12,22,26
-12,22,27
-13,22,27
-13,21,27
-13,20,27
-13,19,27
-12,19,27
-12,20,27
-12,21,27
-12,21,28
-13,21,28
-13,21,27
-13,21,28
-13,20,28
-13,19,28
-13,20,28
-13,20,27
-13,20,28
-12,20,28
-12,19,28
-11,19,28
-11,20,28
-11,20,29
-10,20,29
-10,20,30
-11,20,30
-11,19,30
-11,18,30
-11,18,31
-11,18,32
-11,18,31
-11,18,30
-11,18,29
-11,18,28
-11,18,27
-11,18,28
-11,18,27
-10,18,27
-10,18,26
-10,18,27
-9,18,27
-9,17,27
-9,18,27
-9,18,28
-9,17,28
-9,18,28
-8,18,28
-8,18,27
-8,19,27
-9,19,27
-8,19,27
-9,19,27
-9,19,28
-9,18,28
-9,19,28
-9,18,28
-9,17,28
-9,17,29
-10,17,29
-10,17,28
-10,17,27
-10,18,27
-10,18,28
-10,18,27
-9,18,27
-9,18,28
-9,18,29
-10,18,29
-9,18,29
-9,19,29
-9,18,29
-9,17,29
-9,16,29
-9,16,30
-9,17,30
-9,17,29
-9,17,28
-9,17,29
-8,17,29
-8,17,30
-8,17,31
-8,17,30
-8,17,29
-7,17,29
-7,17,28
-7,16,28
-8,16,28
-9,16,28
-9,15,28
-8,15,28
-8,14,28
-7,14,28
-7,13,28
-7,14,28
-6,14,28
-6,14,29
-6,14,28
-6,14,29
-5,14,29
-5,15,29
-5,16,29
-5,16,28
-5,15,28
-4,15,28
-4,15,29
-5,15,29
-5,16,29
-5,16,30
-5,15,30
-5,15,29
-5,14,29
-5,14,28
-4,14,28
-4,14,27
-3,14,27
-2,14,27
-3,14,27
-3,15,27
-3,14,27
-3,15,27
-3,15,28
-3,16,28
-2,16,28
-2,17,28
-2,17,27
-2,18,27
-2,19,27
-2,19,26
-2,20,26
-2,20,27
-2,19,27
-1,19,27
-2,19,27
-2,19,28
-2,19,29
-2,18,29
-2,18,30
-2,19,30
-3,19,30
-3,18,30
-3,19,30
-2,19,30
-2,20,30
-3,20,30
-4,20,30
-4,20,29
-4,19,29
-5,19,29
-6,19,29
-6,20,29
-7,20,29
-7,19,29
-6,19,29
-7,19,29
-7,18,29
-7,17,29
-7,17,28
-7,17,27
-8,17,27
-9,17,27
-9,18,27
-9,19,27
-10,19,27
-10,19,28
-11,19,28
-10,19,28
-10,18,28
-11,18,28
-11,17,28
-12,17,28
-12,17,29
-12,17,30
-11,17,30
-12,17,30
-13,17,30
-13,18,30
-13,19,30
-13,20,30
-13,20,31
-14,20,31
-13,20,31
-14,20,31
-14,21,31
-15,21,31
-15,21,30
-15,21,29
-15,21,30
-15,20,30
-15,19,30
-15,20,30
-14,20,30
-14,19,30
-14,20,30
-13,20,30
-12,20,30
-12,19,30
-13,19,30
-13,19,29
-12,19,29
-12,19,30
-12,19,31
-13,19,31
-13,20,31
-14,20,31
-14,19,31
-14,20,31
-14,19,31
-14,18,31
-14,18,30
-13,18,30
-13,18,29
-13,17,29
-14,17,29
-13,17,29
-12,17,29
-11,17,29
-11,16,29
-12,16,29
-12,16,28
-13,16,28
-14,16,28
-14,16,29
-14,16,30
-13,16,30
-13,17,30
-13,18,30
-13,17,30
-12,17,30
-13,17,30
-13,17,29
-13,16,29
-12,16,29
-12,17,29
-12,18,29
-12,18,28
-12,18,27
-12,18,26
-12,17,26
-12,17,25
-13,17,25
-13,17,26
-13,18,26
-13,17,26
-13,17,25
-12,17,25
-11,17,25
-12,17,25
-13,17,25
-13,17,24
-13,17,23
-13,17,22
-12,17,22
-12,17,21
-12,17,22
-13,17,22
-13,17,21
-13,16,21
-12,16,21
-13,16,21
-14,16,21
-15,16,21
-15,16,22
-15,17,22
-16,17,22
-16,17,21
-17,17,21
-17,16,21
-16,16,21
-16,16,20
-16,15,20
-15,15,20
-15,15,19
-15,15,20
-15,15,19
-15,15,20
-14,15,20
-15,15,20
-15,16,20
-14,16,20
-14,17,20
-14,18,20
-15,18,20
-14,18,20
-14,18,19
-14,18,18
-15,18,18
-15,17,18
-16,17,18
-16,17,19
-16,17,20
-16,16,20
-16,16,19
-16,16,20
-16,16,21
-15,16,21
-16,16,21
-15,16,21
-15,17,21
-15,18,21
-16,18,21
-17,18,21
-18,18,21
-18,18,22
-17,18,22
-17,18,23
-17,19,23
-16,19,23
-16,18,23
-17,18,23
-18,18,23
-18,18,24
-17,18,24
-17,17,24
-17,18,24
-17,18,25
-17,17,25
-17,16,25
-16,16,25
-16,15,25
-16,16,25
-17,16,25
-17,16,24
-16,16,24
-16,16,23
-17,16,23
-17,16,22
-16,16,22
-17,16,22
-16,16,22
-16,17,22
-16,17,23
-16,16,23
-17,16,23
-17,16,22
-16,16,22
-16,17,22
-17,17,22
-17,17,21
-17,16,21
-17,17,21
-17,17,20
-18,17,20
-17,17,20
-16,17,20
-15,17,20
-15,17,19
-15,16,19
-15,15,19
-15,14,19
-15,14,20
-15,13,20
-16,13,20
-16,14,20
-16,14,21
-16,13,21
-15,13,21
-15,13,20
-15,14,20
-15,14,19
-15,14,20
-16,14,20
-16,14,21
-16,15,21
-16,15,22
-16,15,21
-16,15,20
-17,15,20
-17,16,20
-17,17,20
-17,17,21
-17,17,20
-16,17,20
-17,17,20
-17,18,20
-16,18,20
-15,18,20
-15,17,20
-16,17,20
-17,17,20
-17,16,20
-17,17,20
-16,17,20
-16,16,20
-16,17,20
-16,17,21
-16,18,21
-15,18,21
-16,18,21
-16,19,21
-16,18,21
-16,19,21
-15,19,21
-16,19,21
-16,19,20
-16,18,20
-16,18,19
-17,18,19
-16,18,19
-17,18,19
-16,18,19
-16,18,20
-16,18,19
-16,19,19
-16,18,19
-15,18,19
-15,19,19
-15,18,19
-16,18,19
-16,17,19
-17,17,19
-18,17,19
-19,17,19
-18,17,19
-18,18,19
-18,18,18
-17,18,18
-17,18,17
-17,18,18
-16,18,18
-16,19,18
-16,20,18
-15,20,18
-15,20,17
-14,20,17
-14,21,17
-15,21,17
-14,21,17
-14,21,16
-14,20,16
-13,20,16
-13,20,17
-14,20,17
-13,20,17
-13,19,17
-13,19,16
-12,19,16
-12,20,16
-12,20,17
-12,20,18
-12,21,18
-12,21,17
-13,21,17
-13,21,18
-13,21,17
-13,21,18
-12,21,18
-12,22,18
-12,22,17
-12,21,17
-12,22,17
-11,22,17
-11,22,16
-12,22,16
-12,22,17
-12,21,17
-12,21,16
-12,20,16
-13,20,16
-13,20,17
-14,20,17
-15,20,17
-14,20,17
-15,20,17
-15,21,17
-15,21,16
-15,20,16
-15,19,16
-15,19,15
-16,19,15
-16,18,15
-16,19,15
-16,18,15
-16,18,14
-16,17,14
-16,18,14
-16,17,14
-16,17,15
-17,17,15
-17,17,16
-18,17,16
-18,17,17
-18,18,17
-19,18,17
-19,17,17
-19,16,17
-20,16,17
-20,16,18
-20,17,18
-19,17,18
-19,18,18
-20,18,18
-20,18,19
-21,18,19
-21,19,19
-20,19,19
-21,19,19
-21,20,19
-21,21,19
-20,21,19
-19,21,19
-19,20,19
-19,21,19
-19,22,19
-19,22,18
-18,22,18
-19,22,18
-18,22,18
-18,21,18
-17,21,18
-17,22,18
-17,21,18
-16,21,18
-16,22,18
-17,22,18
-16,22,18
-17,22,18
-17,22,17
-16,22,17
-16,21,17
-16,21,16
-16,22,16
-16,22,15
-16,21,15
-16,21,14
-16,21,15
-16,21,16
-16,21,15
-16,22,15
-16,22,14
-16,23,14
-16,22,14
-15,22,14
-14,22,14
-14,22,15
-15,22,15
-15,22,16
-15,22,17
-14,22,17
-14,22,18
-14,22,19
-15,22,19
-15,22,18
-15,22,17
-15,21,17
-15,21,18
-15,21,17
-15,21,18
-14,21,18
-14,20,18
-14,19,18
-14,19,19
-14,19,20
-14,19,19
-14,19,20
-15,19,20
-15,19,19
-15,18,19
-15,19,19
-14,19,19
-15,19,19
-14,19,19
-14,19,18
-13,19,18
-14,19,18
-14,19,19
-15,19,19
-15,19,18
-15,20,18
-15,19,18
-15,19,19
-15,18,19
-15,17,19
-16,17,19
-16,17,18
-16,16,18
-16,16,17
-16,17,17
-16,17,16
-15,17,16
-15,17,17
-15,17,16
-15,16,16
-14,16,16
-14,17,16
-14,16,16
-14,15,16
-13,15,16
-12,15,16
-13,15,16
-13,14,16
-14,14,16
-13,14,16
-13,13,16
-12,13,16
-11,13,16
-11,13,17
-11,13,18
-11,12,18
-10,12,18
-10,12,17
-10,11,17
-10,11,18
-10,12,18
-10,13,18
-10,14,18
-10,14,19
-10,14,20
-9,14,20
-10,14,20
-10,13,20
-11,13,20
-12,13,20
-12,13,19
-13,13,19
-14,13,19
-15,13,19
-14,13,19
-14,13,20
-14,14,20
-14,15,20
-14,15,21
-14,15,20
-15,15,20
-14,15,20
-14,14,20
-14,14,21
-14,14,22
-15,14,22
-15,13,22
-14,13,22
-14,14,22
-14,14,21
-14,15,21
-14,14,21
-14,15,21
-15,15,21
-15,16,21
-15,15,21
-15,15,20
-16,15,20
-17,15,20
-17,16,20
-17,16,19
-16,16,19
-17,16,19
-17,16,20
-17,16,21
-17,16,22
-16,16,22
-16,15,22
-17,15,22
-18,15,22
-18,15,23
-18,16,23
-18,16,24
-18,16,25
-18,15,25
-18,15,24
-17,15,24
-17,15,25
-17,15,24
-17,16,24
-17,16,25
-16,16,25
-16,16,26
-16,17,26
-16,17,25
-16,16,25
-16,15,25
-16,14,25
-17,14,25
-17,13,25
-16,13,25
-15,13,25
-15,12,25
-16,12,25
-15,12,25
-15,11,25
-15,10,25
-16,10,25
-16,10,26
-15,10,26
-15,10,25
-15,10,24
-15,10,23
-15,9,23
-15,9,24
-14,9,24
-13,9,24
-13,9,23
-14,9,23
-14,9,24
-14,9,23
-14,8,23
-14,9,23
-13,9,23
-13,10,23
-13,11,23
-13,10,23
-13,9,23
-13,9,22
-13,9,21
-14,9,21
-13,9,21
-12,9,21
-12,9,20
-12,9,21
-13,9,21
-13,10,21
-13,10,20
-14,10,20
-14,11,20
-14,10,20
-14,11,20
-14,10,20
-15,10,20
-14,10,20
-14,11,20
-13,11,20
-14,11,20
-14,10,20
-15,10,20
-15,10,19
-15,10,20
-14,10,20
-14,10,21
-15,10,21
-15,10,22
-14,10,22
-14,10,23
-14,9,23
-15,9,23
-14,9,23
-13,9,23
-13,9,22
-14,9,22
-14,9,23
-15,9,23
-15,9,24
-15,10,24
-14,10,24
-13,10,24
-12,10,24
-11,10,24
-10,10,24
-9,10,24
-10,10,24
-9,10,24
-9,9,24
-9,9,23
-9,9,24
-8,9,24
-9,9,24
-9,8,24
-9,8,23
-9,8,22
-10,8,22
-10,7,22
-10,6,22
-9,6,22
-9,5,22
-9,6,22
-8,6,22
-8,6,21
-8,6,22
-8,5,22
-8,4,22
-8,3,22
-8,3,23
-8,3,22
-8,3,23
-8,2,23
-8,3,23
-8,3,24
-8,4,24
-8,5,24
-8,5,25
-7,5,25
-7,6,25
-7,5,25
-7,4,25
-6,4,25
-6,5,25
-6,6,25
-6,6,24
-5,6,24
-6,6,24
-6,5,24
-7,5,24
-6,5,24
-7,5,24
-7,5,25
-8,5,25
-8,5,24
-8,5,23
-9,5,23
-9,5,24
-9,5,25
-9,5,26
-9,5,27
-10,5,27
-10,6,27
-10,6,28
-11,6,28
-11,7,28
-11,6,28
-11,7,28
-11,6,28
-10,6,28
-10,7,28
-10,6,28
-10,5,28
-9,5,28
-9,4,28
-9,5,28
-9,4,28
-9,5,28
-10,5,28
-10,4,28
-10,3,28
-10,3,29
-9,3,29
-9,4,29
-9,5,29
-8,5,29
-8,5,28
-7,5,28
-7,6,28
-6,6,28
-6,6,29
-6,6,30
-6,6,31
-7,6,31
-8,6,31
-9,6,31
-9,7,31
-9,8,31
-8,8,31
-7,8,31
-7,8,32
-8,8,32
-9,8,32
-8,8,32
-9,8,32
-9,9,32
-9,8,32
-9,7,32
-9,7,33
-9,6,33
-9,5,33
-9,6,33
-9,6,32
-9,6,31
-9,7,31
-8,7,31
-7,7,31
-7,7,32
-6,7,32
-7,7,32
-6,7,32
-6,6,32
-6,6,31
-7,6,31
-7,6,30
-7,7,30
-6,7,30
-6,7,31
-7,7,31
-7,7,32
-8,7,32
-8,7,31
-8,7,30
-9,7,30
-10,7,30
-10,7,29
-11,7,29
-11,6,29
-10,6,29
-11,6,29
-11,6,30
-11,5,30
-10,5,30
-11,5,30
-12,5,30
-12,4,30
-11,4,30
-12,4,30
-13,4,30
-13,5,30
-12,5,30
-12,4,30
-13,4,30
-13,3,30
-13,3,29
-13,3,30
-13,3,31
-13,3,30
-12,3,30
-12,3,29
-12,3,28
-12,4,28
-13,4,28
-14,4,28
-14,4,29
-14,3,29
-14,3,30
-15,3,30
-15,4,30
-14,4,30
-13,4,30
-13,4,31
-13,5,31
-12,5,31
-12,6,31
-12,6,32
-12,5,32
-12,5,33
-12,4,33
-12,3,33
-13,3,33
-13,2,33
-13,2,34
-13,1,34
-14,1,34
-13,1,34
-13,1,35
-13,1,34
-14,1,34
-14,1,35
-15,1,35
-15,2,35
-14,2,35
-14,2,36
-13,2,36
-13,1,36
-13,1,37
-13,1,36
-13,1,35
-13,1,34
-14,1,34
-14,0,34
-15,0,34
-14,0,34
-14,0,35
-14,1,35
-14,2,35
-14,1,35
-14,1,34
-14,1,33
-14,1,34
-15,1,34
-15,1,33
-14,1,33
-13,1,33
-13,1,32
-12,1,32
-12,2,32
-11,2,32
-11,2,33
-11,2,32
-11,2,31
-12,2,31
-12,2,30
-12,2,31
-11,2,31
-12,2,31
-11,2,31
-11,3,31
-10,3,31
-11,3,31
-11,4,31
-12,4,31
-12,3,31
-12,3,30
-12,2,30
-12,2,29
-11,2,29
-10,2,29
-11,2,29
-12,2,29
-13,2,29
-13,2,28
-12,2,28
-12,2,27
-12,1,27
-12,1,28
-13,1,28
-13,1,29
-13,0,29
-13,0,28
-13,1,28
-13,2,28
-12,2,28
-12,2,29
-12,1,29
-12,0,29
-12,0,28
-12,0,29
-11,0,29
-11,-1,29
-12,-1,29
-12,-1,30
-13,-1,30
-13,0,30
-13,0,31
-13,1,31
-13,1,32
-13,2,32
-13,1,32
-13,2,32
-13,3,32
-13,3,31
-13,4,31
-13,4,30
-13,4,29
-12,4,29
-11,4,29
-11,3,29
-11,4,29
-11,4,28
-11,4,27
-11,4,26
-12,4,26
-12,3,26
-13,3,26
-13,4,26
-12,4,26
-12,4,25
-11,4,25
-11,4,24
-11,4,23
-11,4,24
-11,5,24
-11,6,24
-10,6,24
-10,7,24
-10,7,23
-10,6,23
-10,5,23
-10,5,24
-10,4,24
-9,4,24
-9,3,24
-9,2,24
-9,2,25
-8,2,25
-8,1,25
-8,2,25
-8,2,26
-8,3,26
-8,3,25
-9,3,25
-10,3,25
-10,3,24
-9,3,24
-8,3,24
-9,3,24
-9,4,24
-9,3,24
-9,3,25
-8,3,25
-8,2,25
-8,1,25
-8,1,24
-8,0,24
-8,1,24
-8,2,24
-7,2,24
-6,2,24
-7,2,24
-7,1,24
-7,1,23
-7,2,23
-7,2,24
-7,1,24
-7,1,23
-7,1,22
-8,1,22
-8,1,23
-8,2,23
-8,1,23
-8,2,23
-8,3,23
-8,2,23
-8,3,23
-8,3,22
-8,3,23
-9,3,23
-9,4,23
-9,4,24
-9,4,25
-9,5,25
-9,5,26
-9,6,26
-8,6,26
-9,6,26
-8,6,26
-9,6,26
-9,7,26
-9,7,27
-9,7,28
-9,8,28
-9,7,28
-9,8,28
-9,8,29
-9,9,29
-9,10,29
-9,9,29
-8,9,29
-7,9,29
-7,9,30
-7,8,30
-6,8,30
-7,8,30
-7,8,29
-6,8,29
-6,8,28
-6,7,28
-6,8,28
-6,8,29
-5,8,29
-5,7,29
-5,6,29
-5,7,29
-4,7,29
-3,7,29
-3,8,29
-3,8,30
-3,8,31
-2,8,31
-3,8,31
-3,8,30
-3,7,30
-3,7,29
-3,7,30
-4,7,30
-4,7,31
-3,7,31
-4,7,31
-4,7,30
-4,8,30
-4,8,31
-3,8,31
-3,7,31
-3,7,32
-4,7,32
-5,7,32
-5,7,33
-6,7,33
-6,7,34
-5,7,34
-5,7,35
-5,7,34
-5,8,34
-5,8,33
-5,8,32
-5,9,32
-4,9,32
-4,9,31
-4,9,30
-4,10,30
-4,9,30
-4,9,29
-4,9,28
-4,8,28
-4,9,28
-5,9,28
-6,9,28
-5,9,28
-6,9,28
-5,9,28
-5,10,28
-4,10,28
-4,11,28
-4,12,28
-4,11,28
-4,10,28
-4,10,27
-3,10,27
-3,10,26
-3,11,26
-4,11,26
-4,12,26
-4,12,25
-4,12,26
-5,12,26
-6,12,26
-6,12,27
-5,12,27
-6,12,27
-6,13,27
-6,13,28
-6,14,28
-6,14,29
-5,14,29
-6,14,29
-6,14,28
-6,14,27
-6,13,27
-6,13,26
-6,13,25
-6,13,26
-6,14,26
-6,14,25
-7,14,25
-7,14,24
-8,14,24
-8,14,25
-9,14,25
-9,13,25
-8,13,25
-8,14,25
-8,14,26
-8,15,26
-8,14,26
-8,14,25
-8,15,25
-9,15,25
-8,15,25
-9,15,25
-9,14,25
-9,14,26
-9,13,26
-9,14,26
-10,14,26
-10,13,26
-9,13,26
-9,12,26
-9,12,27
-10,12,27
-9,12,27
-10,12,27
-10,13,27
-10,13,26
-9,13,26
-9,13,25
-8,13,25
-7,13,25
-6,13,25
-6,12,25
-6,11,25
-6,10,25
-6,9,25
-7,9,25
-8,9,25
-9,9,25
-9,8,25
-9,9,25
-8,9,25
-8,9,26
-8,9,27
-8,10,27
-8,10,26
-8,10,25
-8,10,26
-8,10,25
-7,10,25
-7,10,24
-7,10,25
-7,9,25
-7,9,26
-7,9,27
-8,9,27
-7,9,27
-7,10,27
-7,11,27
-8,11,27
-7,11,27
-8,11,27
-8,11,26
-8,10,26
-9,10,26
-10,10,26
-11,10,26
-10,10,26
-11,10,26
-11,11,26
-11,11,27
-11,11,28
-10,11,28
-10,10,28
-9,10,28
-9,11,28
-9,10,28
-9,9,28
-8,9,28
-8,8,28
-9,8,28
-9,9,28
-9,9,27
-9,9,28
-9,8,28
-9,9,28
-9,9,27
-9,10,27
-8,10,27
-7,10,27
-7,9,27
-8,9,27
-8,9,26
-9,9,26
-9,10,26
-9,9,26
-9,9,27
-9,9,26
-9,9,25
-8,9,25
-8,10,25
-8,9,25
-8,8,25
-8,9,25
-8,8,25
-8,7,25
-8,7,24
-8,6,24
-8,6,25
-8,7,25
-9,7,25
-8,7,25
-8,7,26
-7,7,26
-7,7,25
-6,7,25
-7,7,25
-7,7,24
-7,8,24
-7,7,24
-7,7,25
-7,8,25
-8,8,25
-8,7,25
-8,7,24
-7,7,24
-7,8,24
-6,8,24
-7,8,24
-7,8,25
-6,8,25
-6,8,24
-6,9,24
-6,10,24
-6,9,24
-6,8,24
-6,8,25
-6,9,25
-6,9,26
-5,9,26
-4,9,26
-3,9,26
-4,9,26
-4,9,25
-3,9,25
-3,8,25
-2,8,25
-2,9,25
-2,10,25
-2,10,26
-2,9,26
-2,9,27
-2,9,28
-2,10,28
-2,9,28
-3,9,28
-3,9,27
-3,9,28
-2,9,28
-2,10,28
-2,11,28
-2,12,28
-2,12,27
-2,13,27
-2,13,28
-3,13,28
-3,14,28
-3,14,29
-3,14,28
-3,14,29
-3,14,28
-3,15,28
-3,15,27
-3,15,28
-4,15,28
-4,15,27
-3,15,27
-3,14,27
-3,15,27
-3,15,28
-2,15,28
-2,16,28
-2,17,28
-2,16,28
-2,15,28
-2,16,28
-2,16,29
-2,17,29
-3,17,29
-3,17,30
-2,17,30
-2,16,30
-2,15,30
-3,15,30
-2,15,30
-2,15,29
-2,14,29
-2,14,30
-2,13,30
-2,12,30
-2,13,30
-2,12,30
-2,12,31
-2,13,31
-1,13,31
-1,12,31
-1,12,30
0,12,30
-1,12,30
-1,12,31
-2,12,31
-2,13,31
-2,14,31
-2,13,31
-2,13,32
-3,13,32
-3,13,31
-3,13,32
-3,12,32
-2,12,32
-2,11,32
-2,10,32
-2,10,31
-3,10,31
-3,10,30
-3,10,29
-4,10,29
-4,10,28
-4,10,27
-3,10,27
-3,10,26
-2,10,26
-1,10,26
-1,10,25
0,10,25
0,11,25
0,11,24
0,10,24
0,10,23
0,9,23
1,9,23
1,8,23
1,8,22
2,8,22
2,8,21
2,8,22
3,8,22
3,9,22
3,10,22
2,10,22
2,9,22
2,9,23
2,9,24
2,9,25
2,9,26
3,9,26
4,9,26
4,9,25
4,8,25
4,9,25
4,10,25
5,10,25
5,10,26
5,9,26
5,8,26
5,8,27
5,8,26
5,8,27
4,8,27
4,8,26
5,8,26
6,8,26
6,8,27
7,8,27
7,8,28
7,8,29
8,8,29
7,8,29
8,8,29
8,9,29
8,9,30
7,9,30
7,10,30
7,10,31
6,10,31
6,10,32
6,9,32
6,9,33
5,9,33
5,9,34
6,9,34
5,9,34
5,9,33
5,9,34
5,10,34
5,9,34
4,9,34
4,9,33
4,8,33
4,7,33
4,6,33
3,6,33
3,5,33
4,5,33
4,5,34
3,5,34
3,5,33
3,4,33
3,3,33
3,4,33
4,4,33
3,4,33
3,3,33
4,3,33
4,3,34
5,3,34
5,3,33
5,3,34
5,4,34
4,4,34
4,4,33
5,4,33
5,4,34
5,3,34
5,4,34
5,3,34
6,3,34
6,3,33
6,3,34
7,3,34
7,4,34
7,4,33
6,4,33
5,4,33
5,5,33
4,5,33
4,6,33
3,6,33
3,6,34
3,6,35
3,5,35
4,5,35
4,6,35
4,7,35
5,7,35
5,7,34
6,7,34
6,7,35
6,7,34
6,6,34
6,7,34
7,7,34
7,8,34
7,8,33
6,8,33
6,7,33
6,7,34
6,7,35
7,7,35
6,7,35
5,7,35
6,7,35
6,6,35
6,7,35
5,7,35
4,7,35
5,7,35
5,8,35
5,8,36
5,8,35
5,8,34
4,8,34
4,7,34
4,7,33
3,7,33
3,7,34
2,7,34
1,7,34
1,8,34
1,9,34
2,9,34
2,9,33
2,10,33
2,11,33
3,11,33
3,12,33
3,12,34
3,13,34
3,12,34
3,11,34
3,11,33
3,12,33
3,12,32
3,13,32
2,13,32
1,13,32
1,13,33
2,13,33
2,13,32
2,13,31
2,13,30
3,13,30
3,13,31
2,13,31
2,12,31
1,12,31
1,12,30
0,12,30
0,13,30
0,13,29
1,13,29
2,13,29
1,13,29
1,12,29
1,13,29
2,13,29
3,13,29
2,13,29
2,13,28
2,13,29
2,14,29
2,15,29
2,15,30
2,14,30
2,15,30
3,15,30
3,16,30
4,16,30
3,16,30
4,16,30
4,15,30
4,15,29
3,15,29
4,15,29
4,16,29
4,15,29
3,15,29
2,15,29
2,15,28
3,15,28
2,15,28
2,16,28
2,16,27
2,16,26
1,16,26
1,15,26
2,15,26
2,14,26
2,15,26
3,15,26
2,15,26
3,15,26
3,15,25
3,15,26
3,14,26
3,13,26
2,13,26
2,13,25
3,13,25
2,13,25
2,13,24
2,13,25
3,13,25
3,13,26
4,13,26
3,13,26
3,13,25
3,13,26
3,13,27
3,13,26
3,14,26
3,13,26
4,13,26
4,13,25
4,12,25
3,12,25
3,12,24
3,12,23
2,12,23
2,12,22
3,12,22
4,12,22
4,12,21
4,12,20
4,13,20
4,13,19
4,12,19
5,12,19
5,12,20
4,12,20
4,12,21
5,12,21
5,11,21
4,11,21
4,12,21
4,12,20
4,12,19
5,12,19
6,12,19
6,13,19
6,12,19
6,12,20
6,12,21
6,12,20
6,13,20
7,13,20
7,14,20
6,14,20
6,13,20
5,13,20
5,13,21
6,13,21
5,13,21
5,13,20
5,14,20
6,14,20
6,14,19
6,15,19
5,15,19
5,15,20
4,15,20
4,15,19
4,14,19
4,15,19
4,16,19
4,16,18
5,16,18
5,15,18
5,15,17
5,16,17
6,16,17
6,16,16
6,15,16
6,15,15
5,15,15
5,15,14
5,15,13
6,15,13
6,14,13
6,14,12
6,14,13
6,14,12
5,14,12
6,14,12
6,14,11
6,13,11
7,13,11
6,13,11
6,13,12
5,13,12
5,13,11
6,13,11
6,13,10
6,13,9
7,13,9
7,12,9
7,13,9
8,13,9
7,13,9
6,13,9
6,12,9
6,11,9
6,10,9
5,10,9
5,9,9
5,8,9
5,7,9
5,7,10
5,7,11
4,7,11
4,7,10
4,7,11
4,7,12
4,7,11
4,6,11
4,5,11
3,5,11
2,5,11
1,5,11
1,6,11
1,5,11
1,6,11
1,5,11
1,5,10
1,5,9
1,5,10
0,5,10
0,4,10
0,4,11
0,3,11
0,4,11
0,4,10
1,4,10
1,4,9
1,3,9
1,3,10
1,2,10
1,3,10
1,4,10
1,5,10
1,6,10
1,6,9
1,5,9
1,5,8
1,4,8
1,3,8
1,2,8
1,2,9
0,2,9
1,2,9
1,2,10
0,2,10
0,1,10
0,1,9
0,1,10
0,1,9
0,2,9
1,2,9
1,2,8
0,2,8
1,2,8
0,2,8
0,1,8
0,0,8
-1,0,8
-1,1,8
-1,1,9
-1,1,10
-1,0,10
-2,0,10
-1,0,10
-1,0,9
-1,0,8
-1,-1,8
-2,-1,8
-2,-1,7
-2,-2,7
-2,-2,6
-1,-2,6
-2,-2,6
-3,-2,6
-3,-1,6
-2,-1,6
-2,-1,7
-2,0,7
-2,1,7
-1,1,7
-2,1,7
-2,1,6
-2,0,6
-2,1,6
-2,2,6
-3,2,6
-3,2,5
-2,2,5
-2,2,4
-2,2,3
-2,2,2
-2,1,2
-3,1,2
-4,1,2
-4,1,1
-4,1,2
-5,1,2
-4,1,2
-4,1,1
-5,1,1
-5,1,0
-5,1,1
-5,1,2
-5,1,3
-5,1,2
-4,1,2
-3,1,2
-4,1,2
-3,1,2
-3,0,2
-3,-1,2
-3,-1,3
-3,-1,2
-2,-1,2
-2,-1,3
-2,-1,2
-2,0,2
-2,1,2
-2,1,3
-1,1,3
-1,0,3
-1,0,4
-1,0,3
-1,0,2
0,0,2
1,0,2
0,0,2
0,0,1
1,0,1
2,0,1
2,1,1
2,1,0
2,2,0
2,2,1
2,2,2
2,2,3
3,2,3
3,3,3
3,2,3
3,2,2
3,2,1
3,2,0
3,3,0
3,2,0
3,2,1
3,2,0
3,1,0
3,2,0
3,2,-1
3,2,-2
2,2,-2
2,1,-2
2,1,-1
2,1,-2
2,1,-1
2,1,0
2,1,-1
2,1,0
2,1,1
2,1,0
2,1,1
3,1,1
4,1,1
5,1,1
5,0,1
5,0,0
5,0,1
4,0,1
4,1,1
5,1,1
6,1,1
6,0,1
6,0,2
7,0,2
8,0,2
8,0,1
8,0,0
8,-1,0
8,-1,1
7,-1,1
7,-2,1
8,-2,1
9,-2,1
9,-2,0
8,-2,0
8,-1,0
8,-2,0
9,-2,0
9,-1,0
8,-1,0
8,-1,-1
9,-1,-1
9,-1,-2
9,0,-2
9,-1,-2
9,-2,-2
9,-2,-1
9,-1,-1
10,-1,-1
10,-1,0
11,-1,0
10,-1,0
10,-1,-1
10,-1,0
10,-1,-1
10,0,-1
9,0,-1
9,0,0
9,1,0
9,1,-1
9,1,0
9,0,0
9,0,1
10,0,1
10,0,2
11,0,2
11,0,1
10,0,1
10,-1,1
10,0,1
11,0,1
11,0,0
11,-1,0
11,0,0
11,0,1
11,0,2
11,0,3
11,0,4
11,0,3
11,0,4
11,-1,4
11,-1,5
11,-1,6
12,-1,6
13,-1,6
13,-1,7
13,-2,7
12,-2,7
11,-2,7
11,-2,6
11,-1,6
12,-1,6
12,-1,7
12,-2,7
12,-2,6
12,-3,6
13,-3,6
14,-3,6
14,-4,6
14,-4,7
14,-4,8
14,-5,8
14,-5,7
15,-5,7
14,-5,7
15,-5,7
14,-5,7
15,-5,7
15,-5,6
15,-4,6
14,-4,6
14,-4,5
13,-4,5
12,-4,5
12,-4,4
12,-4,5
12,-5,5
12,-4,5
12,-3,5
12,-3,4
12,-3,3
12,-4,3
13,-4,3
12,-4,3
13,-4,3
14,-4,3
15,-4,3
15,-4,2
16,-4,2
16,-5,2
16,-5,3
16,-5,2
16,-4,2
16,-5,2
15,-5,2
15,-5,3
14,-5,3
15,-5,3
15,-5,2
15,-5,1
15,-6,1
16,-6,1
16,-6,0
15,-6,0
16,-6,0
15,-6,0
15,-6,1
15,-6,2
14,-6,2
14,-6,1
14,-6,0
14,-7,0
14,-7,1
14,-7,0
14,-6,0
14,-6,1
14,-5,1
15,-5,1
15,-6,1
16,-6,1
16,-7,1
16,-8,1
17,-8,1
17,-7,1
18,-7,1
19,-7,1
19,-6,1
19,-5,1
19,-4,1
19,-4,0
19,-4,-1
19,-4,0
20,-4,0
19,-4,0
19,-4,1
19,-4,0
18,-4,0
18,-4,1
18,-3,1
18,-4,1
18,-5,1
18,-4,1
17,-4,1
17,-4,0
17,-4,1
17,-5,1
16,-5,1
17,-5,1
17,-5,0
17,-5,-1
16,-5,-1
16,-5,0
16,-4,0
16,-4,-1
15,-4,-1
15,-5,-1
15,-4,-1
15,-3,-1
15,-3,-2
14,-3,-2
14,-3,-3
14,-3,-4
14,-2,-4
14,-3,-4
14,-4,-4
13,-4,-4
12,-4,-4
12,-5,-4
11,-5,-4
11,-5,-3
10,-5,-3
10,-4,-3
10,-4,-2
10,-3,-2
10,-4,-2
10,-4,-1
10,-4,0
9,-4,0
9,-3,0
10,-3,0
11,-3,0
11,-4,0
11,-3,0
12,-3,0
11,-3,0
10,-3,0
9,-3,0
9,-2,0
9,-3,0
9,-3,-1
9,-4,-1
9,-4,-2
9,-4,-1
8,-4,-1
8,-3,-1
7,-3,-1
7,-3,0
6,-3,0
6,-4,0
6,-4,-1
6,-3,-1
6,-2,-1
6,-2,-2
5,-2,-2
6,-2,-2
5,-2,-2
6,-2,-2
6,-2,-1
6,-1,-1
6,-1,-2
6,0,-2
6,0,-1
6,-1,-1
6,-1,-2
5,-1,-2
5,-2,-2
4,-2,-2
5,-2,-2
5,-2,-1
5,-2,-2
5,-2,-3
4,-2,-3
4,-1,-3
4,0,-3
4,1,-3
4,0,-3
5,0,-3
6,0,-3
7,0,-3
7,0,-2
7,1,-2
7,0,-2
7,1,-2
7,1,-3
7,2,-3
8,2,-3
8,1,-3
9,1,-3
10,1,-3
10,2,-3
10,2,-2
11,2,-2
11,2,-3
11,3,-3
10,3,-3
9,3,-3
8,3,-3
8,2,-3
8,1,-3
8,0,-3
8,-1,-3
8,0,-3
7,0,-3
7,0,-2
6,0,-2
6,1,-2
7,1,-2
8,1,-2
7,1,-2
8,1,-2
7,1,-2
7,0,-2
6,0,-2
6,-1,-2
6,0,-2
7,0,-2
7,-1,-2
7,0,-2
7,0,-3
7,0,-2
7,0,-3
6,0,-3
6,0,-4
6,0,-3
6,0,-2
6,1,-2
6,1,-3
6,2,-3
6,2,-4
6,2,-5
5,2,-5
5,3,-5
5,3,-6
5,4,-6
6,4,-6
6,4,-5
6,4,-6
7,4,-6
7,4,-7
8,4,-7
9,4,-7
9,4,-6
9,4,-5
9,5,-5
9,5,-4
9,6,-4
9,7,-4
10,7,-4
10,7,-3
10,8,-3
10,7,-3
10,7,-4
10,7,-3
10,6,-3
10,6,-4
11,6,-4
11,5,-4
10,5,-4
11,5,-4
11,5,-3
10,5,-3
10,4,-3
10,3,-3
11,3,-3
11,3,-4
11,2,-4
11,2,-3
11,2,-2
11,2,-3
11,2,-2
11,1,-2
11,1,-1
11,0,-1
10,0,-1
10,1,-1
10,1,0
10,1,-1
11,1,-1
11,1,0
11,2,0
11,2,1
10,2,1
9,2,1
8,2,1
8,1,1
8,0,1
9,0,1
9,1,1
9,1,0
8,1,0
8,1,1
8,1,0
8,0,0
8,1,0
8,2,0
8,3,0
9,3,0
9,4,0
9,5,0
9,6,0
10,6,0
10,6,-1
10,5,-1
10,6,-1
9,6,-1
9,6,0
9,7,0
9,6,0
9,6,1
10,6,1
10,7,1
10,7,2
10,8,2
10,8,1
10,7,1
10,7,0
10,8,0
10,9,0
10,8,0
9,8,0
9,8,1
9,8,0
8,8,0
8,7,0
9,7,0
8,7,0
7,7,0
7,8,0
7,7,0
7,8,0
6,8,0
6,9,0
6,8,0
6,8,-1
6,8,0
5,8,0
5,8,-1
4,8,-1
3,8,-1
3,7,-1
3,8,-1
3,8,0
2,8,0
2,9,0
2,8,0
2,7,0
2,7,-1
2,7,0
2,6,0
2,7,0
1,7,0
1,6,0
2,6,0
2,6,-1
3,6,-1
4,6,-1
4,5,-1
4,4,-1
4,4,0
3,4,0
3,3,0
3,3,-1
3,2,-1
3,2,-2
2,2,-2
3,2,-2
3,3,-2
3,4,-2
3,4,-1
2,4,-1
1,4,-1
1,4,0
1,4,1
1,4,0
1,4,1
1,3,1
2,3,1
3,3,1
3,3,0
2,3,0
3,3,0
3,2,0
3,2,-1
3,2,-2
3,2,-3
3,1,-3
3,1,-4
2,1,-4
2,2,-4
2,3,-4
1,3,-4
1,4,-4
1,4,-5
1,3,-5
1,3,-6
1,2,-6
1,2,-5
2,2,-5
2,3,-5
2,4,-5
2,3,-5
1,3,-5
1,3,-6
1,3,-5
1,3,-4
1,2,-4
1,1,-4
0,1,-4
0,1,-3
0,1,-4
1,1,-4
1,1,-5
1,1,-4
2,1,-4
1,1,-4
1,1,-3
1,0,-3
1,1,-3
0,1,-3
0,1,-4
1,1,-4
0,1,-4
0,1,-3
1,1,-3
1,1,-4
1,2,-4
2,2,-4
2,3,-4
1,3,-4
1,3,-3
1,4,-3
2,4,-3
2,3,-3
2,4,-3
2,4,-4
1,4,-4
1,5,-4
0,5,-4
0,5,-3
0,4,-3
0,4,-2
1,4,-2
2,4,-2
2,4,-1
2,3,-1
2,3,0
2,4,0
1,4,0
1,4,1
2,4,1
2,4,0
2,5,0
2,6,0
2,7,0
2,8,0
1,8,0
1,7,0
1,7,1
2,7,1
2,7,2
2,7,3
2,7,4
1,7,4
1,6,4
0,6,4
0,7,4
-1,7,4
-1,7,3
0,7,3
0,8,3
1,8,3
2,8,3
2,9,3
2,9,4
3,9,4
2,9,4
3,9,4
4,9,4
5,9,4
5,8,4
5,8,5
4,8,5
4,7,5
5,7,5
5,8,5
5,7,5
5,7,4
5,7,5
5,8,5
4,8,5
3,8,5
2,8,5
2,8,6
2,8,5
2,8,4
2,8,3
3,8,3
3,9,3
4,9,3
4,9,2
4,9,3
4,8,3
3,8,3
3,8,4
3,8,5
3,9,5
3,9,6
3,9,7
4,9,7
4,9,6
3,9,6
4,9,6
4,10,6
4,11,6
4,11,7
3,11,7
3,11,8
3,11,7
2,11,7
1,11,7
1,11,8
1,11,9
1,10,9
1,9,9
2,9,9
2,8,9
2,9,9
2,9,8
1,9,8
1,9,9
2,9,9
2,10,9
2,9,9
2,9,10
2,9,11
2,9,10
1,9,10
0,9,10
0,10,10
0,10,11
0,10,10
1,10,10
1,11,10
1,11,9
1,11,8
1,11,9
1,12,9
1,12,8
2,12,8
3,12,8
3,12,7
3,13,7
2,13,7
2,13,8
3,13,8
2,13,8
3,13,8
3,13,9
4,13,9
4,13,8
4,14,8
4,14,7
5,14,7
5,13,7
5,14,7
6,14,7
6,14,6
6,14,5
6,14,4
5,14,4
4,14,4
4,14,5
4,14,4
4,14,5
4,15,5
4,14,5
4,13,5
4,14,5
3,14,5
4,14,5
5,14,5
5,14,6
6,14,6
7,14,6
7,14,5
7,15,5
7,15,4
7,14,4
6,14,4
5,14,4
5,13,4
4,13,4
3,13,4
4,13,4
4,14,4
5,14,4
4,14,4
4,14,3
4,13,3
3,13,3
3,13,4
3,13,3
3,13,4
4,13,4
4,13,3
4,13,4
4,13,5
5,13,5
4,13,5
5,13,5
6,13,5
5,13,5
5,13,4
4,13,4
5,13,4
5,13,5
5,13,4
4,13,4
4,14,4
4,14,5
4,14,4
3,14,4
3,14,3
3,14,2
4,14,2
4,15,2
5,15,2
5,15,1
5,14,1
5,15,1
4,15,1
3,15,1
2,15,1
1,15,1
1,16,1
1,15,1
1,15,2
1,15,1
1,16,1
1,16,2
1,16,1
2,16,1
3,16,1
3,17,1
3,17,0
3,18,0
4,18,0
4,17,0
5,17,0
6,17,0
5,17,0
6,17,0
6,17,1
6,17,2
6,16,2
6,15,2
5,15,2
5,15,3
5,16,3
6,16,3
5,16,3
5,15,3
5,14,3
5,13,3
5,14,3
5,14,2
5,13,2
5,12,2
5,12,3
5,12,4
5,12,3
5,12,4
5,13,4
4,13,4
4,13,3
4,13,4
4,13,3
4,12,3
5,12,3
6,12,3
5,12,3
5,12,4
6,12,4
6,12,3
6,12,4
7,12,4
6,12,4
6,11,4
6,12,4
7,12,4
6,12,4
6,13,4
7,13,4
6,13,4
5,13,4
5,13,3
5,14,3
5,14,2
5,14,3
5,13,3
4,13,3
4,14,3
5,14,3
5,15,3
4,15,3
4,14,3
5,14,3
5,14,4
4,14,4
4,15,4
5,15,4
5,15,5
5,14,5
6,14,5
7,14,5
6,14,5
6,14,6
5,14,6
5,14,7
5,14,6
6,14,6
6,14,7
6,14,6
5,14,6
5,13,6
6,13,6
6,13,5
5,13,5
6,13,5
6,13,6
5,13,6
5,14,6
5,15,6
5,14,6
5,14,7
4,14,7
4,15,7
4,15,6
3,15,6
3,14,6
2,14,6
2,14,5
1,14,5
2,14,5
2,14,6
2,14,5
1,14,5
1,15,5
1,14,5
1,14,4
1,13,4
1,14,4
0,14,4
0,14,3
0,14,2
0,15,2
0,15,3
0,14,3
0,14,2
-1,14,2
-1,14,3
-1,14,2
0,14,2
-1,14,2
-1,15,2
-2,15,2
-1,15,2
-1,14,2
-1,14,1
-1,14,0
-1,15,0
-2,15,0
-2,16,0
-2,17,0
-2,18,0
-2,17,0
-2,17,-1
-2,17,-2
-2,17,-1
-2,18,-1
-2,17,-1
-2,17,-2
-2,16,-2
-2,16,-3
-2,16,-4
-2,16,-5
-2,17,-5
-2,17,-6
-2,17,-5
-2,16,-5
-2,16,-6
-2,17,-6
-3,17,-6
-3,18,-6
-3,17,-6
-3,17,-7
-3,16,-7
-3,15,-7
-2,15,-7
-2,16,-7
-1,16,-7
-1,15,-7
-1,16,-7
-1,16,-8
0,16,-8
0,15,-8
-1,15,-8
-1,14,-8
-1,14,-9
-2,14,-9
-2,14,-8
-3,14,-8
-3,14,-9
-2,14,-9
-3,14,-9
-2,14,-9
-2,13,-9
-2,12,-9
-1,12,-9
0,12,-9
1,12,-9
1,12,-8
1,12,-9
1,12,-8
1,12,-9
1,13,-9
2,13,-9
2,12,-9
2,12,-8
1,12,-8
1,11,-8
1,12,-8
2,12,-8
2,11,-8
2,11,-9
3,11,-9
3,11,-10
4,11,-10
4,11,-9
3,11,-9
4,11,-9
3,11,-9
3,12,-9
2,12,-9
3,12,-9
3,12,-8
3,13,-8
3,12,-8
3,13,-8
3,13,-9
3,12,-9
3,12,-8
4,12,-8
5,12,-8
6,12,-8
6,12,-9
7,12,-9
7,11,-9
7,11,-10
7,11,-11
7,12,-11
6,12,-11
6,11,-11
6,10,-11
6,10,-10
6,10,-9
6,10,-10
6,10,-11
5,10,-11
5,10,-10
5,10,-9
6,10,-9
6,9,-9
5,9,-9
5,10,-9
5,10,-8
5,9,-8
5,9,-7
5,9,-6
5,9,-7
5,9,-6
4,9,-6
3,9,-6
4,9,-6
3,9,-6
3,10,-6
3,9,-6
3,9,-5
3,9,-6
2,9,-6
2,10,-6
1,10,-6
2,10,-6
1,10,-6
1,10,-7
0,10,-7
1,10,-7
1,11,-7
1,12,-7
0,12,-7
1,12,-7
1,11,-7
1,11,-8
1,12,-8
1,13,-8
1,14,-8
1,15,-8
2,15,-8
3,15,-8
3,14,-8
3,13,-8
3,14,-8
4,14,-8
4,14,-7
4,13,-7
4,13,-6
4,13,-7
4,13,-6
5,13,-6
5,13,-5
5,12,-5
5,11,-5
5,12,-5
6,12,-5
7,12,-5
7,13,-5
7,14,-5
7,14,-4
7,13,-4
7,14,-4
6,14,-4
6,14,-3
6,14,-2
6,14,-3
6,14,-2
6,14,-3
6,15,-3
6,14,-3
5,14,-3
5,13,-3
5,13,-2
5,12,-2
5,13,-2
5,13,-1
4,13,-1
3,13,-1
4,13,-1
4,12,-1
4,12,0
4,12,1
4,12,0
3,12,0
2,12,0
1,12,0
2,12,0
3,12,0
3,13,0
3,13,1
3,14,1
3,14,0
3,14,-1
2,14,-1
3,14,-1
3,14,0
2,14,0
2,15,0
2,16,0
2,15,0
2,14,0
3,14,0
4,14,0
4,14,1
4,14,0
3,14,0
3,15,0
3,15,-1
4,15,-1
4,14,-1
4,14,0
4,14,1
4,14,0
4,15,0
3,15,0
3,16,0
4,16,0
4,16,-1
4,15,-1
3,15,-1
3,15,0
3,15,1
3,15,2
2,15,2
3,15,2
3,15,1
3,14,1
3,14,0
3,14,1
3,14,2
3,14,1
4,14,1
4,13,1
4,13,2
4,13,1
4,14,1
5,14,1
4,14,1
4,14,0
4,14,-1
4,13,-1
5,13,-1
5,12,-1
4,12,-1
3,12,-1
3,12,-2
3,13,-2
4,13,-2
4,14,-2
4,15,-2
4,15,-3
5,15,-3
4,15,-3
3,15,-3
4,15,-3
4,15,-4
4,15,-3
4,16,-3
4,15,-3
5,15,-3
4,15,-3
4,15,-2
5,15,-2
5,15,-3
6,15,-3
5,15,-3
5,15,-4
6,15,-4
6,14,-4
6,14,-3
6,14,-2
5,14,-2
6,14,-2
5,14,-2
5,13,-2
5,12,-2
5,11,-2
5,11,-1
4,11,-1
5,11,-1
5,10,-1
5,11,-1
5,10,-1
5,9,-1
5,8,-1
6,8,-1
6,9,-1
7,9,-1
7,10,-1
7,10,0
7,10,1
6,10,1
6,11,1
5,11,1
4,11,1
4,11,0
4,12,0
4,12,1
4,12,0
4,12,-1
5,12,-1
6,12,-1
6,12,0
6,12,1
5,12,1
4,12,1
3,12,1
3,12,0
3,12,1
4,12,1
3,12,1
4,12,1
4,12,2
5,12,2
5,13,2
5,13,3
6,13,3
6,14,3
6,14,4
6,14,3
5,14,3
4,14,3
4,13,3
3,13,3
3,13,4
3,13,3
3,13,2
3,12,2
2,12,2
2,12,1
2,11,1
2,11,0
2,11,-1
3,11,-1
3,11,0
3,11,-1
3,12,-1
3,12,0
3,12,-1
4,12,-1
3,12,-1
3,12,0
3,12,1
3,11,1
3,11,2
4,11,2
4,10,2
5,10,2
5,10,1
5,11,1
5,10,1
5,10,2
6,10,2
7,10,2
8,10,2
8,10,1
9,10,1
9,10,0
9,10,1
10,10,1
10,10,2
10,10,1
10,11,1
10,12,1
9,12,1
9,13,1
8,13,1
8,12,1
8,11,1
8,10,1
8,10,0
9,10,0
9,11,0
9,11,-1
9,12,-1
9,13,-1
9,12,-1
9,11,-1
10,11,-1
11,11,-1
11,11,0
11,11,1
11,11,0
10,11,0
10,12,0
10,11,0
9,11,0
9,11,1
9,10,1
9,11,1
9,12,1
9,12,0
9,12,1
9,12,2
10,12,2
10,12,3
9,12,3
8,12,3
7,12,3
7,12,4
7,13,4
7,13,3
7,13,4
7,12,4
7,12,3
7,12,4
7,13,4
7,13,5
7,12,5
7,11,5
6,11,5
6,11,6
6,11,7
6,12,7
6,11,7
7,11,7
7,11,8
7,10,8
6,10,8
6,9,8
5,9,8
6,9,8
5,9,8
5,9,7
5,8,7
6,8,7
6,7,7
6,7,6
6,7,7
6,7,8
6,7,7
6,7,6
6,7,5
6,8,5
6,9,5
6,8,5
7,8,5
7,8,4
7,9,4
6,9,4
6,10,4
6,10,5
6,10,6
7,10,6
7,10,5
7,9,5
7,8,5
8,8,5
9,8,5
9,7,5
8,7,5
8,7,6
7,7,6
7,8,6
7,9,6
7,8,6
7,7,6
7,6,6
6,6,6
6,6,5
6,6,6
6,6,7
6,6,6
6,7,6
5,7,6
5,7,7
5,7,8
4,7,8
5,7,8
6,7,8
7,7,8
7,6,8
7,6,7
7,5,7
7,5,6
7,5,5
7,5,4
7,5,5
6,5,5
5,5,5
5,5,6
5,4,6
5,3,6
5,3,7
4,3,7
3,3,7
3,3,8
3,4,8
3,5,8
3,5,7
3,6,7
4,6,7
4,5,7
3,5,7
3,6,7
3,7,7
3,7,8
3,7,7
3,7,8
2,7,8
3,7,8
3,7,7
3,6,7
3,6,6
3,7,6
4,7,6
5,7,6
5,8,6
5,8,7
5,8,6
5,8,7
5,9,7
5,8,7
5,7,7
5,8,7
6,8,7
6,9,7
7,9,7
6,9,7
6,10,7
6,9,7
6,8,7
7,8,7
7,8,8
7,7,8
8,7,8
8,6,8
8,5,8
8,5,9
8,5,10
9,5,10
8,5,10
9,5,10
10,5,10
9,5,10
10,5,10
10,5,9
10,4,9
10,4,8
9,4,8
9,3,8
9,4,8
8,4,8
7,4,8
7,4,9
7,4,8
7,4,7
7,3,7
6,3,7
5,3,7
5,3,6
5,2,6
6,2,6
6,1,6
6,2,6
5,2,6
5,3,6
5,2,6
5,2,7
5,2,6
4,2,6
4,2,7
5,2,7
5,1,7
5,2,7
6,2,7
5,2,7
5,3,7
5,2,7
5,3,7
5,2,7
4,2,7
5,2,7
4,2,7
5,2,7
5,1,7
6,1,7
5,1,7
4,1,7
4,1,6
4,1,5
5,1,5
4,1,5
4,1,4
4,2,4
4,2,5
3,2,5
3,2,6
3,2,5
3,3,5
3,3,4
3,3,3
2,3,3
2,4,3
1,4,3
2,4,3
2,4,2
2,5,2
3,5,2
3,6,2
2,6,2
2,7,2
1,7,2
1,6,2
0,6,2
0,7,2
0,8,2
0,7,2
0,8,2
0,7,2
0,8,2
0,9,2
0,9,3
0,9,4
-1,9,4
0,9,4
0,9,5
0,9,6
0,9,5
0,9,6
0,9,5
0,9,6
-1,9,6
-1,9,7
-1,9,8
-1,10,8
-1,11,8
-1,11,7
-1,12,7
-1,13,7
-1,13,6
-1,13,7
-2,13,7
-2,13,6
-2,12,6
-3,12,6
-4,12,6
-4,12,7
-4,12,6
-4,12,5
-3,12,5
-3,12,4
-3,12,3
-3,12,2
-3,12,1
-3,11,1
-2,11,1
-2,12,1
-3,12,1
-3,12,2
-3,12,3
-3,12,2
-2,12,2
-2,11,2
-2,10,2
-1,10,2
-1,11,2
-1,11,1
-1,12,1
-1,11,1
0,11,1
-1,11,1
-2,11,1
-2,11,2
-2,11,3
-3,11,3
-3,11,2
-3,11,3
-3,11,2
-3,12,2
-3,11,2
-3,11,3
-3,11,4
-3,11,3
-3,11,2
-2,11,2
-1,11,2
-1,11,3
0,11,3
0,11,2
1,11,2
0,11,2
0,10,2
0,11,2
0,10,2
1,10,2
0,10,2
1,10,2
2,10,2
2,9,2
2,10,2
2,11,2
3,11,2
3,12,2
3,11,2
3,11,3
4,11,3
4,11,2
3,11,2
3,11,1
3,11,2
3,12,2
2,12,2
2,12,1
2,12,0
3,12,0
3,12,-1
4,12,-1
5,12,-1
5,12,-2
5,11,-2
4,11,-2
4,11,-3
5,11,-3
6,11,-3
6,10,-3
5,10,-3
5,9,-3
5,9,-4
5,9,-3
5,9,-2
4,9,-2
5,9,-2
5,9,-1
5,9,-2
6,9,-2
7,9,-2
7,10,-2
7,9,-2
8,9,-2
9,9,-2
9,9,-1
9,9,-2
8,9,-2
8,8,-2
8,8,-3
8,9,-3
8,9,-4
8,10,-4
7,10,-4
7,10,-3
7,9,-3
7,9,-4
7,8,-4
7,8,-5
7,9,-5
7,9,-4
8,9,-4
9,9,-4
9,8,-4
10,8,-4
10,9,-4
10,10,-4
9,10,-4
9,10,-3
8,10,-3
9,10,-3
9,11,-3
9,11,-2
8,11,-2
8,11,-3
8,11,-4
8,10,-4
8,10,-5
9,10,-5
10,10,-5
10,10,-4
10,9,-4
10,10,-4
10,10,-5
10,9,-5
10,9,-6
9,9,-6
9,9,-7
9,9,-6
9,9,-5
8,9,-5
8,10,-5
7,10,-5
6,10,-5
6,10,-4
6,10,-5
5,10,-5
5,9,-5
5,9,-4
5,9,-3
4,9,-3
4,9,-2
4,8,-2
3,8,-2
3,8,-3
2,8,-3
2,8,-4
2,8,-5
2,7,-5
3,7,-5
2,7,-5
2,7,-4
2,6,-4
2,6,-3
1,6,-3
1,6,-4
1,6,-3
1,6,-4
1,6,-5
1,5,-5
2,5,-5
2,4,-5
3,4,-5
2,4,-5
2,3,-5
3,3,-5
3,3,-4
3,4,-4
4,4,-4
5,4,-4
5,3,-4
5,3,-5
5,3,-6
5,3,-5
5,3,-4
5,3,-5
5,4,-5
4,4,-5
4,3,-5
4,2,-5
4,2,-6
4,2,-5
4,2,-6
4,2,-5
4,2,-4
3,2,-4
3,1,-4
3,2,-4
3,1,-4
3,2,-4
4,2,-4
3,2,-4
2,2,-4
2,1,-4
2,2,-4
1,2,-4
1,3,-4
1,3,-3
2,3,-3
2,3,-4
2,4,-4
3,4,-4
4,4,-4
4,4,-5
4,5,-5
4,6,-5
5,6,-5
5,6,-4
5,5,-4
5,4,-4
6,4,-4
6,4,-3
5,4,-3
6,4,-3
5,4,-3
5,4,-4
5,4,-5
4,4,-5
5,4,-5
5,3,-5
6,3,-5
6,2,-5
6,3,-5
7,3,-5
6,3,-5
5,3,-5
5,3,-4
5,3,-3
5,2,-3
6,2,-3
6,2,-2
7,2,-2
6,2,-2
5,2,-2
5,2,-3
5,3,-3
6,3,-3
7,3,-3
7,3,-4
7,4,-4
7,3,-4
6,3,-4
5,3,-4
6,3,-4
7,3,-4
7,4,-4
7,3,-4
6,3,-4
6,3,-3
6,3,-2
5,3,-2
5,3,-3
5,3,-4
5,4,-4
5,5,-4
5,5,-5
5,5,-4
5,5,-3
6,5,-3
6,5,-2
7,5,-2
7,5,-3
7,5,-2
7,5,-1
7,5,-2
6,5,-2
5,5,-2
4,5,-2
4,6,-2
4,5,-2
4,4,-2
4,4,-3
4,4,-2
4,5,-2
4,6,-2
4,5,-2
4,4,-2
5,4,-2
5,3,-2
5,4,-2
5,3,-2
4,3,-2
5,3,-2
6,3,-2
6,2,-2
6,3,-2
7,3,-2
7,3,-3
8,3,-3
8,3,-2
8,3,-3
8,3,-2
8,3,-3
7,3,-3
6,3,-3
5,3,-3
5,3,-2
4,3,-2
4,3,-3
4,2,-3
4,3,-3
4,3,-2
4,3,-3
3,3,-3
3,4,-3
3,3,-3
3,3,-2
3,2,-2
2,2,-2
2,1,-2
2,1,-1
2,1,0
2,1,1
2,2,1
2,2,0
2,1,0
2,0,0
2,-1,0
2,-1,-1
2,-2,-1
2,-1,-1
2,-1,0
2,-1,1
2,-1,0
3,-1,0
3,-1,-1
3,0,-1
3,0,0
3,1,0
3,2,0
3,2,-1
3,1,-1
3,1,0
3,1,-1
4,1,-1
4,1,-2
4,1,-3
4,0,-3
5,0,-3
5,-1,-3
5,0,-3
4,0,-3
4,0,-4
4,0,-5
5,0,-5
5,0,-4
4,0,-4
4,1,-4
5,1,-4
5,0,-4
5,-1,-4
4,-1,-4
3,-1,-4
3,-1,-3
4,-1,-3
5,-1,-3
5,-1,-4
5,-2,-4
4,-2,-4
4,-2,-3
3,-2,-3
3,-2,-4
3,-2,-5
3,-2,-4
3,-2,-5
3,-3,-5
3,-3,-4
3,-2,-4
3,-1,-4
3,-1,-3
3,-1,-4
3,-1,-5
2,-1,-5
2,0,-5
2,1,-5
2,0,-5
1,0,-5
1,-1,-5
0,-1,-5
1,-1,-5
1,-2,-5
1,-2,-6
0,-2,-6
0,-3,-6
1,-3,-6
1,-4,-6
1,-4,-7
1,-5,-7
1,-6,-7
1,-7,-7
2,-7,-7
2,-6,-7
2,-6,-6
2,-6,-7
2,-7,-7
2,-6,-7
2,-6,-8
2,-7,-8
2,-7,-7
2,-8,-7
2,-8,-8
1,-8,-8
1,-7,-8
2,-7,-8
2,-8,-8
2,-7,-8
2,-7,-9
2,-6,-9
2,-6,-8
2,-6,-9
2,-7,-9
2,-7,-8
2,-6,-8
2,-5,-8
2,-4,-8
2,-3,-8
1,-3,-8
1,-3,-9
1,-3,-10
2,-3,-10
2,-3,-9
1,-3,-9
1,-3,-8
0,-3,-8
1,-3,-8
1,-3,-9
1,-3,-8
1,-4,-8
1,-5,-8
1,-5,-7
1,-5,-8
1,-5,-7
1,-5,-6
0,-5,-6
1,-5,-6
0,-5,-6
0,-6,-6
-1,-6,-6
-1,-5,-6
0,-5,-6
0,-6,-6
0,-5,-6
1,-5,-6
2,-5,-6
2,-6,-6
1,-6,-6
1,-7,-6
0,-7,-6
1,-7,-6
1,-8,-6
2,-8,-6
3,-8,-6
4,-8,-6
4,-8,-7
4,-9,-7
4,-10,-7
4,-11,-7
4,-11,-6
3,-11,-6
3,-11,-7
3,-10,-7
3,-11,-7
3,-12,-7
2,-12,-7
1,-12,-7
0,-12,-7
0,-13,-7
0,-13,-6
0,-13,-5
1,-13,-5
1,-13,-4
1,-12,-4
1,-13,-4
2,-13,-4
3,-13,-4
3,-12,-4
2,-12,-4
2,-11,-4
3,-11,-4
3,-12,-4
3,-12,-3
3,-11,-3
2,-11,-3
3,-11,-3
4,-11,-3
4,-10,-3
5,-10,-3
5,-11,-3
5,-12,-3
4,-12,-3
3,-12,-3
3,-13,-3
4,-13,-3
3,-13,-3
2,-13,-3
3,-13,-3
3,-14,-3
4,-14,-3
4,-14,-4
4,-15,-4
5,-15,-4
6,-15,-4
7,-15,-4
7,-16,-4
7,-16,-3
7,-16,-2
7,-16,-1
7,-16,-2
7,-17,-2
8,-17,-2
8,-17,-1
8,-16,-1
8,-15,-1
8,-14,-1
9,-14,-1
9,-15,-1
9,-15,-2
8,-15,-2
8,-16,-2
8,-16,-1
8,-17,-1
9,-17,-1
9,-17,0
9,-17,1
8,-17,1
7,-17,1
7,-17,2
8,-17,2
8,-17,1
7,-17,1
8,-17,1
8,-18,1
9,-18,1
10,-18,1
11,-18,1
10,-18,1
10,-18,0
9,-18,0
9,-19,0
9,-19,-1
9,-18,-1
9,-19,-1
9,-19,0
8,-19,0
8,-19,-1
8,-20,-1
7,-20,-1
7,-20,0
6,-20,0
6,-19,0
5,-19,0
5,-19,-1
5,-19,-2
5,-19,-1
4,-19,-1
4,-19,0
4,-19,-1
4,-18,-1
4,-18,-2
4,-19,-2
4,-19,-1
5,-19,-1
5,-18,-1
5,-17,-1
5,-17,-2
5,-18,-2
5,-18,-3
5,-19,-3
5,-19,-4
4,-19,-4
5,-19,-4
5,-18,-4
5,-17,-4
6,-17,-4
7,-17,-4
6,-17,-4
6,-18,-4
7,-18,-4
7,-17,-4
7,-17,-5
8,-17,-5
8,-16,-5
8,-16,-4
8,-16,-5
8,-16,-4
8,-16,-5
8,-17,-5
7,-17,-5
7,-17,-4
7,-18,-4
7,-18,-5
7,-18,-4
7,-18,-5
6,-18,-5
6,-18,-6
7,-18,-6
7,-19,-6
7,-19,-5
7,-20,-5
7,-19,-5
7,-19,-6
7,-20,-6
7,-21,-6
6,-21,-6
6,-22,-6
5,-22,-6
6,-22,-6
6,-23,-6
7,-23,-6
7,-22,-6
7,-22,-7
7,-21,-7
6,-21,-7
7,-21,-7
7,-21,-8
7,-22,-8
8,-22,-8
8,-22,-9
9,-22,-9
9,-22,-8
9,-22,-9
9,-22,-8
10,-22,-8
11,-22,-8
10,-22,-8
10,-22,-9
10,-21,-9
10,-20,-9
10,-19,-9
10,-19,-8
10,-19,-9
10,-19,-10
11,-19,-10
11,-19,-11
11,-19,-10
11,-19,-9
12,-19,-9
12,-18,-9
12,-18,-8
12,-17,-8
12,-17,-7
13,-17,-7
14,-17,-7
13,-17,-7
12,-17,-7
13,-17,-7
13,-16,-7
13,-15,-7
14,-15,-7
14,-16,-7
15,-16,-7
15,-16,-8
15,-15,-8
16,-15,-8
16,-16,-8
16,-15,-8
16,-16,-8
16,-16,-7
16,-16,-6
16,-15,-6
16,-15,-7
16,-14,-7
16,-14,-6
16,-14,-7
17,-14,-7
17,-14,-6
17,-14,-5
17,-15,-5
17,-14,-5
18,-14,-5
18,-14,-4
18,-14,-5
18,-14,-6
18,-14,-7
19,-14,-7
19,-13,-7
18,-13,-7
18,-13,-8
19,-13,-8
18,-13,-8
18,-13,-7
17,-13,-7
16,-13,-7
16,-13,-6
16,-12,-6
15,-12,-6
15,-12,-5
16,-12,-5
17,-12,-5
17,-13,-5
16,-13,-5
16,-12,-5
16,-12,-6
16,-12,-5
16,-12,-4
16,-13,-4
17,-13,-4
17,-14,-4
16,-14,-4
16,-14,-3
16,-14,-4
16,-15,-4
16,-16,-4
16,-16,-5
16,-16,-4
16,-16,-5
16,-16,-4
16,-15,-4
15,-15,-4
16,-15,-4
16,-14,-4
16,-15,-4
16,-15,-3
16,-15,-2
17,-15,-2
17,-16,-2
17,-16,-3
17,-15,-3
17,-14,-3
16,-14,-3
15,-14,-3
15,-14,-4
15,-13,-4
16,-13,-4
17,-13,-4
17,-14,-4
18,-14,-4
18,-14,-5
17,-14,-5
17,-13,-5
17,-14,-5
17,-14,-6
17,-13,-6
17,-14,-6
17,-14,-7
16,-14,-7
17,-14,-7
17,-14,-6
16,-14,-6
16,-15,-6
15,-15,-6
15,-16,-6
15,-16,-7
15,-17,-7
15,-17,-6
15,-16,-6
14,-16,-6
14,-15,-6
13,-15,-6
12,-15,-6
12,-14,-6
12,-14,-7
11,-14,-7
11,-14,-6
10,-14,-6
11,-14,-6
11,-14,-7
11,-13,-7
11,-13,-6
11,-13,-5
11,-14,-5
11,-15,-5
11,-16,-5
11,-17,-5
10,-17,-5
10,-17,-6
10,-16,-6
10,-15,-6
10,-16,-6
10,-15,-6
11,-15,-6
11,-14,-6
11,-15,-6
11,-16,-6
10,-16,-6
10,-16,-7
10,-15,-7
10,-14,-7
10,-13,-7
10,-12,-7
10,-11,-7
10,-11,-8
10,-11,-7
10,-12,-7
10,-11,-7
10,-11,-8
10,-11,-9
11,-11,-9
10,-11,-9
9,-11,-9
8,-11,-9
8,-11,-8
8,-11,-9
8,-10,-9
7,-10,-9
7,-9,-9
7,-9,-10
8,-9,-10
8,-9,-9
8,-8,-9
8,-9,-9
8,-9,-10
8,-8,-10
9,-8,-10
9,-9,-10
9,-9,-9
9,-9,-8
8,-9,-8
8,-10,-8
8,-9,-8
9,-9,-8
9,-9,-7
8,-9,-7
8,-10,-7
7,-10,-7
7,-10,-6
7,-10,-5
7,-10,-6
7,-11,-6
8,-11,-6
7,-11,-6
7,-11,-5
7,-11,-4
7,-11,-5
8,-11,-5
8,-11,-6
8,-12,-6
8,-13,-6
8,-12,-6
7,-12,-6
7,-13,-6
7,-14,-6
7,-14,-5
7,-14,-6
8,-14,-6
8,-15,-6
7,-15,-6
7,-15,-5
7,-14,-5
6,-14,-5
5,-14,-5
5,-14,-6
6,-14,-6
6,-15,-6
6,-14,-6
5,-14,-6
5,-14,-7
6,-14,-7
6,-15,-7
7,-15,-7
6,-15,-7
6,-15,-6
6,-15,-5
7,-15,-5
7,-16,-5
8,-16,-5
8,-17,-5
8,-17,-4
8,-17,-3
8,-17,-4
8,-17,-5
8,-17,-6
8,-18,-6
8,-18,-7
7,-18,-7
7,-17,-7
7,-16,-7
6,-16,-7
6,-15,-7
6,-15,-6
6,-16,-6
6,-17,-6
6,-17,-7
6,-18,-7
6,-18,-6
6,-19,-6
6,-19,-5
6,-20,-5
6,-21,-5
5,-21,-5
5,-21,-6
5,-21,-7
5,-21,-8
5,-21,-9
5,-21,-10
4,-21,-10
3,-21,-10
3,-22,-10
4,-22,-10
3,-22,-10
3,-21,-10
3,-21,-9
3,-21,-8
3,-22,-8
4,-22,-8
4,-23,-8
4,-24,-8
4,-23,-8
4,-22,-8
4,-22,-9
4,-22,-8
5,-22,-8
5,-22,-9
6,-22,-9
6,-23,-9
6,-24,-9
6,-25,-9
6,-24,-9
6,-23,-9
6,-22,-9
7,-22,-9
7,-22,-8
7,-22,-7
6,-22,-7
6,-22,-8
6,-22,-7
6,-22,-8
6,-22,-9
5,-22,-9
5,-23,-9
4,-23,-9
5,-23,-9
6,-23,-9
6,-23,-8
6,-23,-7
6,-24,-7
6,-24,-6
6,-25,-6
6,-25,-7
5,-25,-7
5,-25,-6
6,-25,-6
6,-25,-5
6,-26,-5
6,-25,-5
6,-24,-5
6,-24,-4
7,-24,-4
7,-23,-4
7,-24,-4
7,-23,-4
8,-23,-4
8,-23,-5
8,-23,-4
8,-23,-5
9,-23,-5
9,-23,-6
9,-22,-6
9,-22,-7
9,-22,-6
8,-22,-6
7,-22,-6
6,-22,-6
6,-22,-7
6,-22,-8
7,-22,-8
7,-21,-8
7,-20,-8
7,-21,-8
7,-21,-9
7,-21,-10
8,-21,-10
8,-21,-11
8,-21,-12
8,-20,-12
8,-21,-12
8,-22,-12
8,-22,-13
7,-22,-13
7,-21,-13
6,-21,-13
7,-21,-13
7,-22,-13
8,-22,-13
8,-21,-13
9,-21,-13
9,-21,-12
10,-21,-12
10,-22,-12
10,-21,-12
9,-21,-12
9,-22,-12
9,-22,-11
9,-22,-10
9,-22,-9
9,-21,-9
9,-22,-9
9,-21,-9
10,-21,-9
11,-21,-9
11,-21,-10
11,-21,-11
11,-22,-11
11,-22,-12
10,-22,-12
9,-22,-12
8,-22,-12
9,-22,-12
9,-21,-12
8,-21,-12
8,-20,-12
9,-20,-12
9,-21,-12
9,-20,-12
9,-20,-13
9,-19,-13
9,-19,-12
8,-19,-12
7,-19,-12
7,-19,-11
7,-19,-12
7,-19,-11
7,-20,-11
7,-20,-10
7,-20,-11
7,-20,-10
7,-20,-9
7,-20,-8
7,-20,-9
8,-20,-9
8,-20,-10
8,-21,-10
8,-21,-11
8,-21,-12
8,-22,-12
8,-22,-11
9,-22,-11
10,-22,-11
10,-21,-11
10,-21,-12
10,-21,-13
10,-20,-13
9,-20,-13
10,-20,-13
10,-21,-13
10,-20,-13
10,-19,-13
10,-18,-13
10,-19,-13
10,-19,-14
9,-19,-14
10,-19,-14
10,-18,-14
10,-19,-14
10,-20,-14
11,-20,-14
11,-20,-15
11,-19,-15
10,-19,-15
10,-19,-14
10,-18,-14
11,-18,-14
11,-19,-14
10,-19,-14
11,-19,-14
12,-19,-14
12,-19,-15
11,-19,-15
11,-18,-15
11,-17,-15
10,-17,-15
9,-17,-15
10,-17,-15
10,-16,-15
9,-16,-15
9,-16,-14
9,-15,-14
9,-15,-13
9,-14,-13
8,-14,-13
9,-14,-13
9,-14,-12
9,-15,-12
9,-15,-11
9,-15,-12
9,-14,-12
9,-15,-12
9,-15,-11
9,-16,-11
9,-16,-12
8,-16,-12
8,-15,-12
7,-15,-12
7,-15,-13
7,-15,-12
8,-15,-12
8,-14,-12
7,-14,-12
7,-14,-13
7,-14,-12
7,-15,-12
7,-16,-12
8,-16,-12
8,-15,-12
8,-16,-12
9,-16,-12
9,-16,-11
9,-16,-12
9,-16,-13
8,-16,-13
7,-16,-13
7,-16,-14
8,-16,-14
9,-16,-14
9,-16,-13
9,-17,-13
9,-16,-13
9,-16,-12
8,-16,-12
7,-16,-12
7,-17,-12
7,-18,-12
7,-19,-12
7,-19,-11
7,-19,-10
7,-20,-10
7,-19,-10
6,-19,-10
6,-19,-9
7,-19,-9
7,-19,-10
6,-19,-10
5,-19,-10
5,-19,-11
5,-19,-12
5,-20,-12
6,-20,-12
6,-20,-13
6,-19,-13
6,-19,-14
6,-18,-14
6,-19,-14
6,-19,-13
6,-19,-12
6,-18,-12
7,-18,-12
7,-17,-12
7,-17,-11
7,-17,-10
8,-17,-10
7,-17,-10
7,-16,-10
7,-17,-10
7,-17,-9
7,-16,-9
7,-16,-10
7,-16,-9
7,-17,-9
7,-16,-9
7,-15,-9
7,-14,-9
8,-14,-9
7,-14,-9
7,-14,-10
7,-13,-10
8,-13,-10
8,-13,-9
8,-14,-9
8,-15,-9
8,-15,-8
9,-15,-8
9,-15,-7
10,-15,-7
10,-14,-7
11,-14,-7
11,-13,-7
12,-13,-7
12,-13,-8
12,-12,-8
11,-12,-8
11,-12,-7
11,-11,-7
11,-11,-6
11,-12,-6
10,-12,-6
10,-11,-6
10,-12,-6
9,-12,-6
10,-12,-6
10,-13,-6
9,-13,-6
9,-12,-6
9,-12,-7
8,-12,-7
8,-11,-7
7,-11,-7
7,-11,-6
7,-11,-5
6,-11,-5
5,-11,-5
5,-10,-5
5,-10,-6
5,-9,-6
5,-10,-6
5,-9,-6
5,-10,-6
5,-9,-6
5,-9,-5
5,-8,-5
5,-8,-6
6,-8,-6
6,-7,-6
5,-7,-6
5,-7,-5
6,-7,-5
6,-7,-4
6,-7,-5
7,-7,-5
7,-6,-5
7,-6,-4
7,-6,-3
7,-7,-3
7,-8,-3
7,-8,-2
6,-8,-2
6,-8,-1
6,-7,-1
6,-8,-1
6,-9,-1
6,-9,0
6,-9,-1
6,-10,-1
6,-10,-2
6,-10,-1
7,-10,-1
8,-10,-1
8,-10,-2
7,-10,-2
7,-11,-2
7,-12,-2
6,-12,-2
6,-11,-2
6,-11,-1
6,-10,-1
6,-11,-1
6,-11,-2
6,-11,-3
7,-11,-3
6,-11,-3
6,-11,-2
7,-11,-2
6,-11,-2
6,-11,-3
6,-11,-2
6,-12,-2
6,-12,-1
6,-12,-2
6,-13,-2
5,-13,-2
5,-14,-2
6,-14,-2
7,-14,-2
7,-15,-2
7,-15,-1
7,-15,-2
6,-15,-2
6,-14,-2
6,-13,-2
6,-14,-2
6,-15,-2
7,-15,-2
6,-15,-2
7,-15,-2
7,-15,-3
8,-15,-3
7,-15,-3
8,-15,-3
8,-16,-3
8,-15,-3
8,-15,-4
8,-16,-4
8,-17,-4
8,-17,-3
7,-17,-3
6,-17,-3
6,-17,-4
6,-18,-4
6,-18,-3
7,-18,-3
6,-18,-3
5,-18,-3
6,-18,-3
6,-17,-3
5,-17,-3
5,-18,-3
6,-18,-3
6,-18,-2
5,-18,-2
5,-17,-2
6,-17,-2
7,-17,-2
7,-16,-2
7,-16,-1
7,-16,-2
7,-15,-2
6,-15,-2
6,-15,-1
6,-15,-2
7,-15,-2
7,-15,-3
8,-15,-3
8,-14,-3
8,-14,-2
8,-14,-1
8,-14,0
9,-14,0
9,-13,0
9,-14,0
9,-14,-1
9,-15,-1
9,-14,-1
9,-13,-1
9,-13,-2
9,-14,-2
9,-14,-1
9,-15,-1
9,-16,-1
9,-16,0
8,-16,0
8,-15,0
8,-16,0
8,-15,0
8,-14,0
8,-14,-1
8,-15,-1
7,-15,-1
8,-15,-1
9,-15,-1
9,-16,-1
9,-15,-1
9,-14,-1
8,-14,-1
9,-14,-1
8,-14,-1
8,-14,0
8,-13,0
8,-14,0
8,-13,0
8,-13,-1
7,-13,-1
8,-13,-1
7,-13,-1
6,-13,-1
6,-13,-2
7,-13,-2
7,-12,-2
6,-12,-2
6,-12,-3
6,-11,-3
5,-11,-3
5,-10,-3
4,-10,-3
4,-10,-4
3,-10,-4
3,-11,-4
3,-11,-3
3,-11,-4
3,-10,-4
4,-10,-4
4,-9,-4
3,-9,-4
3,-9,-5
3,-9,-6
3,-9,-5
3,-8,-5
3,-9,-5
3,-9,-4
3,-8,-4
3,-8,-3
2,-8,-3
3,-8,-3
4,-8,-3
4,-8,-4
4,-9,-4
4,-10,-4
3,-10,-4
2,-10,-4
1,-10,-4
1,-10,-3
1,-10,-2
1,-9,-2
1,-9,-3
1,-8,-3
1,-7,-3
1,-8,-3
2,-8,-3
2,-8,-2
3,-8,-2
4,-8,-2
4,-9,-2
4,-9,-3
4,-9,-4
4,-9,-5
3,-9,-5
4,-9,-5
4,-10,-5
5,-10,-5
5,-10,-6
6,-10,-6
7,-10,-6
7,-10,-7
7,-9,-7
6,-9,-7
6,-9,-6
6,-8,-6
7,-8,-6
7,-8,-7
7,-9,-7
7,-9,-8
7,-10,-8
7,-11,-8
7,-12,-8
7,-13,-8
6,-13,-8
5,-13,-8
5,-12,-8
4,-12,-8
4,-13,-8
5,-13,-8
4,-13,-8
4,-13,-7
4,-14,-7
3,-14,-7
2,-14,-7
2,-13,-7
2,-14,-7
2,-14,-8
3,-14,-8
3,-14,-7
3,-14,-8
3,-13,-8
3,-13,-9
3,-14,-9
3,-14,-8
3,-13,-8
3,-13,-7
2,-13,-7
3,-13,-7
3,-13,-6
4,-13,-6
3,-13,-6
3,-14,-6
3,-14,-7
2,-14,-7
2,-15,-7
2,-15,-6
3,-15,-6
2,-15,-6
1,-15,-6
1,-14,-6
1,-14,-5
1,-13,-5
1,-13,-6
1,-12,-6
1,-11,-6
2,-11,-6
2,-11,-5
2,-12,-5
1,-12,-5
0,-12,-5
0,-12,-4
-1,-12,-4
-1,-12,-5
-1,-11,-5
0,-11,-5
0,-11,-6
0,-11,-7
-1,-11,-7
-1,-10,-7
-1,-11,-7
-1,-10,-7
0,-10,-7
0,-9,-7
-1,-9,-7
-1,-9,-6
0,-9,-6
0,-8,-6
1,-8,-6
1,-8,-5
1,-8,-4
1,-9,-4
0,-9,-4
0,-10,-4
1,-10,-4
1,-10,-5
1,-10,-4
1,-10,-5
1,-11,-5
0,-11,-5
0,-11,-6
0,-10,-6
1,-10,-6
2,-10,-6
1,-10,-6
1,-9,-6
1,-9,-5
1,-8,-5
1,-9,-5
2,-9,-5
2,-9,-4
2,-9,-3
3,-9,-3
4,-9,-3
3,-9,-3
2,-9,-3
1,-9,-3
1,-10,-3
1,-10,-4
2,-10,-4
2,-11,-4
2,-11,-5
2,-11,-4
3,-11,-4
2,-11,-4
2,-12,-4
1,-12,-4
2,-12,-4
2,-12,-3
1,-12,-3
2,-12,-3
2,-11,-3
2,-12,-3
2,-12,-2
2,-12,-1
2,-13,-1
3,-13,-1
4,-13,-1
4,-14,-1
5,-14,-1
5,-14,0
6,-14,0
5,-14,0
6,-14,0
7,-14,0
7,-15,0
6,-15,0
7,-15,0
7,-16,0
7,-16,-1
7,-15,-1
7,-16,-1
6,-16,-1
6,-15,-1
6,-15,0
6,-15,-1
7,-15,-1
7,-15,0
8,-15,0
9,-15,0
8,-15,0
7,-15,0
7,-14,0
7,-15,0
6,-15,0
5,-15,0
4,-15,0
3,-15,0
3,-15,1
4,-15,1
4,-15,0
3,-15,0
4,-15,0
5,-15,0
4,-15,0
3,-15,0
3,-14,0
3,-14,1
2,-14,1
3,-14,1
2,-14,1
3,-14,1
2,-14,1
2,-14,2
2,-15,2
1,-15,2
0,-15,2
0,-16,2
0,-16,3
0,-16,2
0,-16,1
0,-16,0
0,-17,0
0,-17,1
0,-17,0
1,-17,0
1,-17,-1
1,-18,-1
1,-18,0
2,-18,0
2,-19,0
2,-19,-1
2,-19,0
2,-19,1
2,-19,0
1,-19,0
0,-19,0
1,-19,0
2,-19,0
2,-20,0
2,-19,0
2,-19,1
2,-19,2
1,-19,2
0,-19,2
-1,-19,2
-2,-19,2
-1,-19,2
-1,-19,1
-1,-18,1
0,-18,1
0,-17,1
1,-17,1
0,-17,1
0,-18,1
0,-18,2
0,-17,2
0,-16,2
0,-16,3
0,-17,3
-1,-17,3
-1,-17,2
-1,-16,2
0,-16,2
0,-16,3
1,-16,3
1,-15,3
1,-16,3
1,-16,4
0,-16,4
-1,-16,4
-1,-17,4
-1,-17,5
-1,-17,6
-1,-17,7
-1,-17,6
0,-17,6
-1,-17,6
-1,-18,6
-1,-17,6
-1,-17,7
-1,-18,7
-1,-18,8
-1,-18,9
-1,-18,8
-1,-18,7
-1,-17,7
0,-17,7
-1,-17,7
-1,-16,7
-2,-16,7
-3,-16,7
-3,-17,7
-3,-16,7
-3,-16,8
-3,-16,7
-3,-16,8
-3,-16,9
-2,-16,9
-2,-15,9
-2,-14,9
-2,-15,9
-2,-15,8
-3,-15,8
-3,-15,9
-3,-15,8
-3,-15,9
-4,-15,9
-4,-14,9
-4,-15,9
-4,-14,9
-4,-14,8
-5,-14,8
-5,-13,8
-5,-13,9
-5,-14,9
-5,-14,8
-5,-14,9
-5,-14,8
-4,-14,8
-4,-14,9
-3,-14,9
-3,-13,9
-2,-13,9
-2,-13,8
-2,-13,7
-2,-12,7
-2,-11,7
-1,-11,7
-1,-10,7
-2,-10,7
-2,-9,7
-2,-10,7
-2,-9,7
-3,-9,7
-3,-9,8
-4,-9,8
-5,-9,8
-4,-9,8
-4,-9,7
-4,-10,7
-4,-10,8
-4,-10,7
-5,-10,7
-5,-11,7
-5,-12,7
-5,-11,7
-5,-11,8
-4,-11,8
-3,-11,8
-3,-11,7
-3,-11,8
-3,-11,7
-3,-10,7
-3,-9,7
-3,-9,6
-3,-9,5
-2,-9,5
-2,-10,5
-2,-10,4
-2,-9,4
-2,-9,5
-1,-9,5
-1,-8,5
-1,-8,6
0,-8,6
-1,-8,6
-1,-7,6
0,-7,6
0,-7,5
0,-6,5
0,-7,5
0,-7,6
1,-7,6
1,-7,5
1,-8,5
2,-8,5
2,-8,4
3,-8,4
3,-8,5
3,-8,4
3,-7,4
3,-6,4
3,-5,4
4,-5,4
4,-5,5
3,-5,5
3,-6,5
3,-6,6
4,-6,6
3,-6,6
4,-6,6
5,-6,6
5,-6,7
5,-6,6
5,-6,5
4,-6,5
5,-6,5
6,-6,5
7,-6,5
7,-7,5
6,-7,5
6,-7,4
6,-8,4
6,-8,5
6,-7,5
6,-8,5
6,-9,5
6,-8,5
7,-8,5
8,-8,5
8,-9,5
8,-8,5
8,-9,5
8,-9,4
8,-8,4
8,-8,3
8,-8,4
8,-7,4
8,-8,4
8,-8,5
8,-8,6
8,-9,6
7,-9,6
7,-10,6
7,-10,7
7,-10,6
7,-10,7
7,-10,8
7,-10,9
7,-11,9
7,-10,9
7,-10,8
7,-9,8
7,-10,8
7,-10,9
7,-9,9
7,-9,10
7,-10,10
7,-9,10
7,-10,10
7,-10,11
6,-10,11
6,-11,11
5,-11,11
4,-11,11
4,-12,11
4,-12,10
5,-12,10
5,-11,10
5,-10,10
5,-9,10
5,-8,10
5,-7,10
4,-7,10
4,-7,11
3,-7,11
3,-6,11
3,-5,11
3,-6,11
3,-7,11
3,-7,10
3,-7,9
3,-8,9
3,-8,10
3,-7,10
4,-7,10
4,-8,10
4,-8,9
5,-8,9
6,-8,9
6,-8,10
6,-9,10
5,-9,10
5,-9,9
4,-9,9
4,-8,9
5,-8,9
6,-8,9
6,-7,9
6,-6,9
6,-6,8
6,-6,9
5,-6,9
6,-6,9
5,-6,9
5,-6,8
5,-6,9
5,-6,10
5,-7,10
5,-7,11
4,-7,11
5,-7,11
5,-7,12
5,-7,13
6,-7,13
7,-7,13
6,-7,13
6,-7,14
5,-7,14
5,-8,14
4,-8,14
5,-8,14
5,-8,15
4,-8,15
4,-7,15
5,-7,15
5,-6,15
6,-6,15
6,-5,15
6,-5,14
5,-5,14
6,-5,14
5,-5,14
5,-4,14
6,-4,14
6,-4,13
5,-4,13
5,-4,12
5,-5,12
4,-5,12
4,-4,12
4,-5,12
5,-5,12
5,-6,12
5,-6,11
5,-7,11
6,-7,11
6,-8,11
6,-7,11
6,-8,11
6,-9,11
6,-9,12
7,-9,12
7,-8,12
7,-9,12
8,-9,12
8,-8,12
8,-8,13
9,-8,13
9,-8,12
10,-8,12
10,-9,12
11,-9,12
11,-10,12
11,-10,11
11,-11,11
11,-10,11
11,-10,12
10,-10,12
10,-10,13
11,-10,13
12,-10,13
12,-10,14
12,-9,14
12,-9,13
12,-9,14
12,-9,15
13,-9,15
13,-8,15
13,-7,15
14,-7,15
14,-7,16
14,-7,17
14,-7,16
15,-7,16
15,-7,15
15,-6,15
15,-7,15
15,-7,16
15,-7,17
15,-6,17
15,-6,18
15,-5,18
16,-5,18
16,-6,18
16,-6,19
16,-6,18
17,-6,18
17,-6,19
17,-7,19
17,-7,18
17,-7,17
17,-6,17
17,-5,17
17,-6,17
17,-7,17
17,-8,17
17,-9,17
16,-9,17
16,-9,18
16,-10,18
17,-10,18
17,-9,18
17,-9,19
17,-9,20
17,-9,21
17,-9,20
17,-9,19
17,-9,20
17,-9,21
17,-8,21
17,-7,21
17,-7,20
18,-7,20
18,-7,21
19,-7,21
19,-6,21
19,-5,21
18,-5,21
18,-5,20
18,-5,19
18,-4,19
17,-4,19
16,-4,19
15,-4,19
16,-4,19
16,-4,18
15,-4,18
15,-5,18
15,-4,18
16,-4,18
15,-4,18
15,-4,17
14,-4,17
14,-4,18
14,-5,18
14,-6,18
14,-7,18
13,-7,18
13,-6,18
13,-7,18
13,-7,17
14,-7,17
14,-7,18
15,-7,18
15,-7,19
14,-7,19
14,-8,19
13,-8,19
13,-9,19
14,-9,19
13,-9,19
13,-8,19
13,-9,19
13,-9,18
13,-8,18
14,-8,18
14,-8,19
13,-8,19
13,-8,20
13,-7,20
13,-7,21
12,-7,21
12,-6,21
11,-6,21
11,-6,22
11,-6,21
10,-6,21
10,-7,21
10,-7,20
10,-8,20
10,-9,20
11,-9,20
12,-9,20
13,-9,20
13,-9,19
13,-10,19
13,-10,18
12,-10,18
12,-10,19
12,-10,20
12,-9,20
12,-10,20
13,-10,20
13,-9,20
12,-9,20
12,-9,19
12,-9,20
12,-9,21
13,-9,21
13,-9,22
13,-8,22
12,-8,22
12,-8,23
12,-9,23
11,-9,23
11,-9,22
11,-9,21
12,-9,21
11,-9,21
12,-9,21
12,-9,22
12,-9,23
12,-8,23
12,-8,22
12,-7,22
12,-7,21
12,-7,20
12,-6,20
12,-6,21
12,-6,20
13,-6,20
13,-5,20
13,-5,21
13,-4,21
12,-4,21
12,-4,22
12,-4,23
13,-4,23
13,-4,24
12,-4,24
12,-4,25
11,-4,25
11,-4,26
11,-5,26
10,-5,26
11,-5,26
11,-5,25
11,-4,25
11,-5,25
10,-5,25
9,-5,25
9,-5,26
10,-5,26
10,-4,26
10,-4,25
10,-3,25
11,-3,25
10,-3,25
11,-3,25
11,-2,25
11,-2,26
10,-2,26
9,-2,26
9,-2,25
9,-3,25
9,-3,26
9,-3,27
9,-2,27
9,-3,27
10,-3,27
9,-3,27
9,-3,28
9,-2,28
10,-2,28
11,-2,28
12,-2,28
12,-2,27
12,-1,27
12,0,27
12,-1,27
12,0,27
12,0,26
12,1,26
12,0,26
12,-1,26
12,-1,27
11,-1,27
11,-2,27
11,-1,27
10,-1,27
10,-1,28
9,-1,28
9,-1,29
9,-1,30
9,-1,31
9,-1,30
9,-1,29
9,-1,28
9,-1,27
10,-1,27
10,-2,27
10,-3,27
10,-3,26
10,-3,27
11,-3,27
11,-3,28
11,-3,29
12,-3,29
13,-3,29
13,-4,29
12,-4,29
12,-5,29
12,-5,30
13,-5,30
14,-5,30
14,-5,29
14,-4,29
14,-3,29
14,-4,29
14,-5,29
14,-6,29
13,-6,29
13,-5,29
13,-5,30
13,-5,31
13,-6,31
12,-6,31
12,-6,32
12,-6,33
12,-6,32
12,-7,32
12,-7,31
12,-7,30
12,-8,30
11,-8,30
11,-7,30
11,-6,30
11,-7,30
11,-6,30
11,-5,30
10,-5,30
10,-5,31
10,-6,31
10,-7,31
10,-8,31
11,-8,31
11,-7,31
12,-7,31
12,-8,31
12,-9,31
12,-9,32
11,-9,32
11,-9,33
10,-9,33
10,-9,34
10,-8,34
10,-9,34
9,-9,34
9,-10,34
8,-10,34
7,-10,34
7,-11,34
7,-11,35
7,-10,35
7,-9,35
8,-9,35
8,-8,35
8,-8,34
8,-9,34
8,-9,33
8,-9,32
8,-8,32
8,-9,32
8,-10,32
8,-11,32
8,-10,32
8,-10,31
8,-10,32
8,-10,33
8,-9,33
8,-9,32
8,-9,31
9,-9,31
10,-9,31
11,-9,31
11,-8,31
11,-9,31
12,-9,31
12,-10,31
13,-10,31
13,-9,31
13,-9,32
13,-9,31
14,-9,31
14,-10,31
15,-10,31
15,-10,32
15,-9,32
15,-9,33
15,-9,34
15,-10,34
14,-10,34
14,-10,33
14,-10,32
14,-10,33
14,-11,33
14,-11,32
14,-11,31
14,-12,31
14,-11,31
15,-11,31
15,-11,30
16,-11,30
16,-10,30
16,-11,30
16,-12,30
16,-13,30
16,-13,29
16,-14,29
16,-14,28
16,-14,29
15,-14,29
14,-14,29
13,-14,29
13,-13,29
13,-13,28
13,-14,28
13,-13,28
13,-13,29
12,-13,29
11,-13,29
10,-13,29
9,-13,29
9,-13,30
9,-13,29
9,-12,29
9,-13,29
9,-13,30
9,-12,30
9,-13,30
8,-13,30
8,-13,31
8,-13,30
8,-13,31
7,-13,31
7,-13,32
8,-13,32
8,-14,32
8,-13,32
9,-13,32
8,-13,32
7,-13,32
7,-13,33
8,-13,33
8,-14,33
8,-15,33
8,-14,33
8,-14,34
8,-15,34
7,-15,34
7,-15,33
7,-15,32
7,-14,32
7,-13,32
8,-13,32
8,-14,32
8,-15,32
7,-15,32
8,-15,32
8,-16,32
9,-16,32
9,-16,33
9,-17,33
9,-17,32
9,-18,32
10,-18,32
10,-18,33
10,-18,32
10,-18,33
10,-18,34
10,-19,34
10,-19,33
10,-18,33
11,-18,33
11,-19,33
11,-18,33
11,-18,32
11,-17,32
11,-16,32
11,-16,33
10,-16,33
9,-16,33
9,-17,33
9,-17,32
9,-17,33
9,-16,33
9,-15,33
9,-16,33
8,-16,33
8,-16,34
8,-17,34
8,-17,33
8,-18,33
8,-18,34
8,-18,35
8,-17,35
7,-17,35
7,-18,35
6,-18,35
6,-17,35
6,-17,36
7,-17,36
6,-17,36
7,-17,36
8,-17,36
9,-17,36
9,-17,35
10,-17,35
11,-17,35
12,-17,35
12,-16,35
12,-16,34
11,-16,34
10,-16,34
11,-16,34
11,-16,33
11,-16,34
11,-16,35
10,-16,35
9,-16,35
9,-17,35
8,-17,35
8,-16,35
9,-16,35
10,-16,35
9,-16,35
10,-16,35
10,-16,36
9,-16,36
9,-17,36
10,-17,36
10,-18,36
10,-17,36
11,-17,36
11,-17,37
10,-17,37
10,-17,36
11,-17,36
10,-17,36
11,-17,36
11,-16,36
11,-15,36
12,-15,36
11,-15,36
11,-16,36
11,-17,36
11,-18,36
11,-17,36
11,-17,35
11,-17,34
11,-17,33
11,-16,33
11,-16,34
11,-16,35
10,-16,35
10,-16,36
9,-16,36
8,-16,36
8,-17,36
8,-18,36
9,-18,36
8,-18,36
8,-18,37
8,-18,38
9,-18,38
9,-19,38
8,-19,38
9,-19,38
8,-19,38
8,-20,38
7,-20,38
7,-21,38
7,-20,38
7,-20,37
8,-20,37
7,-20,37
7,-20,36
6,-20,36
7,-20,36
7,-20,37
7,-20,36
8,-20,36
8,-19,36
9,-19,36
9,-19,37
9,-19,38
9,-18,38
10,-18,38
11,-18,38
11,-17,38
12,-17,38
12,-16,38
13,-16,38
14,-16,38
13,-16,38
14,-16,38
14,-16,39
14,-16,38
13,-16,38
13,-17,38
13,-16,38
13,-15,38
12,-15,38
11,-15,38
11,-15,37
12,-15,37
11,-15,37
11,-16,37
11,-16,38
11,-17,38
12,-17,38
13,-17,38
13,-18,38
14,-18,38
15,-18,38
15,-17,38
15,-16,38
15,-15,38
14,-15,38
14,-15,37
15,-15,37
14,-15,37
14,-14,37
13,-14,37
13,-13,37
13,-13,38
13,-14,38
12,-14,38
11,-14,38
11,-14,39
10,-14,39
10,-13,39
11,-13,39
11,-13,38
12,-13,38
11,-13,38
11,-13,39
12,-13,39
11,-13,39
11,-12,39
11,-11,39
11,-11,40
11,-12,40
11,-13,40
11,-13,41
11,-13,42
11,-13,41
11,-13,40
12,-13,40
12,-13,41
12,-13,42
12,-13,41
12,-12,41
12,-12,40
12,-12,41
12,-13,41
12,-13,40
11,-13,40
12,-13,40
12,-12,40
13,-12,40
13,-11,40
14,-11,40
14,-11,39
13,-11,39
13,-12,39
13,-13,39
13,-12,39
13,-11,39
12,-11,39
12,-10,39
11,-10,39
10,-10,39
10,-10,40
10,-11,40
10,-11,41
10,-11,40
10,-11,39
11,-11,39
10,-11,39
10,-12,39
11,-12,39
11,-12,40
11,-12,39
11,-12,40
11,-12,41
11,-11,41
11,-11,40
11,-11,39
10,-11,39
11,-11,39
11,-11,38
11,-12,38
12,-12,38
12,-12,37
12,-13,37
13,-13,37
13,-12,37
14,-12,37
13,-12,37
12,-12,37
12,-11,37
12,-12,37
12,-12,38
13,-12,38
12,-12,38
12,-12,37
12,-13,37
12,-13,36
12,-12,36
12,-12,35
12,-12,36
12,-12,37
13,-12,37
13,-12,36
13,-13,36
14,-13,36
14,-14,36
15,-14,36
15,-14,35
14,-14,35
15,-14,35
14,-14,35
13,-14,35
13,-15,35
14,-15,35
14,-14,35
14,-13,35
14,-13,36
14,-12,36
15,-12,36
15,-13,36
14,-13,36
14,-13,35
13,-13,35
13,-13,36
13,-13,35
13,-14,35
12,-14,35
12,-13,35
13,-13,35
13,-13,36
13,-13,37
12,-13,37
11,-13,37
11,-13,38
11,-13,39
11,-12,39
11,-12,40
10,-12,40
10,-11,40
9,-11,40
8,-11,40
8,-11,39
7,-11,39
7,-12,39
7,-11,39
7,-12,39
7,-12,38
6,-12,38
6,-12,37
6,-12,36
7,-12,36
6,-12,36
6,-13,36
7,-13,36
7,-13,37
7,-12,37
7,-11,37
7,-11,38
7,-11,39
6,-11,39
6,-12,39
6,-11,39
7,-11,39
7,-11,38
7,-11,39
6,-11,39
7,-11,39
8,-11,39
9,-11,39
10,-11,39
10,-10,39
10,-11,39
9,-11,39
9,-10,39
9,-9,39
10,-9,39
9,-9,39
9,-8,39
9,-8,38
9,-7,38
8,-7,38
8,-8,38
8,-8,37
9,-8,37
9,-7,37
9,-6,37
9,-7,37
10,-7,37
11,-7,37
10,-7,37
10,-7,38
10,-7,39
9,-7,39
10,-7,39
10,-6,39
10,-7,39
10,-7,38
10,-7,39
9,-7,39
8,-7,39
8,-6,39
8,-5,39
8,-6,39
7,-6,39
7,-7,39
7,-7,38
6,-7,38
6,-6,38
6,-6,37
6,-5,37
6,-4,37
6,-3,37
6,-3,36
6,-3,35
6,-2,35
6,-2,36
5,-2,36
5,-1,36
5,0,36
5,0,37
6,0,37
7,0,37
7,1,37
6,1,37
6,2,37
5,2,37
5,2,38
4,2,38
4,2,39
5,2,39
5,1,39
5,1,40
5,1,39
5,1,40
6,1,40
5,1,40
4,1,40
4,2,40
5,2,40
5,2,39
6,2,39
7,2,39
7,1,39
7,1,40
7,2,40
7,2,41
6,2,41
5,2,41
5,1,41
5,2,41
4,2,41
5,2,41
4,2,41
4,3,41
3,3,41
3,4,41
3,4,40
2,4,40
2,5,40
3,5,40
3,5,41
3,5,40
3,5,41
3,5,42
3,5,43
3,5,44
3,5,45
3,6,45
3,7,45
2,7,45
3,7,45
3,8,45
2,8,45
1,8,45
1,9,45
0,9,45
0,9,46
0,10,46
1,10,46
1,11,46
1,10,46
1,11,46
1,11,47
1,12,47
0,12,47
1,12,47
1,12,46
1,12,47
1,13,47
1,13,46
1,13,47
0,13,47
1,13,47
2,13,47
2,12,47
2,12,46
3,12,46
4,12,46
4,11,46
4,11,45
4,10,45
5,10,45
5,10,44
6,10,44
7,10,44
7,10,43
8,10,43
8,10,42
8,11,42
9,11,42
9,11,43
10,11,43
11,11,43
12,11,43
13,11,43
13,12,43
13,13,43
13,13,42
13,13,43
13,13,42
13,12,42
13,13,42
13,13,41
13,12,41
13,12,42
13,12,43
13,12,42
13,13,42
13,13,41
13,13,42
13,13,43
13,14,43
13,14,44
13,13,44
13,13,45
13,13,46
13,13,47
13,13,46
13,13,45
13,14,45
12,14,45
13,14,45
12,14,45
12,13,45
12,13,44
11,13,44
11,12,44
11,13,44
12,13,44
12,13,43
13,13,43
13,13,44
12,13,44
11,13,44
11,13,43
11,13,42
10,13,42
11,13,42
11,12,42
10,12,42
10,12,43
9,12,43
10,12,43
10,12,42
10,12,41
10,12,40
10,12,41
10,11,41
10,11,42
10,11,41
10,11,40
10,10,40
9,10,40
9,10,39
9,9,39
9,10,39
9,11,39
9,11,40
9,11,41
9,11,40
8,11,40
8,10,40
8,10,41
8,9,41
8,9,42
8,9,43
8,9,42
8,9,43
8,9,42
8,9,43
8,10,43
8,10,42
8,9,42
8,9,41
8,10,41
8,9,41
8,8,41
8,9,41
8,10,41
8,10,40
8,11,40
8,11,41
8,10,41
8,11,41
8,12,41
8,13,41
7,13,41
8,13,41
8,13,42
9,13,42
10,13,42
10,13,41
11,13,41
11,13,42
11,13,41
11,13,42
11,12,42
11,13,42
11,14,42
11,14,43
11,13,43
11,13,42
11,12,42
12,12,42
12,12,43
12,12,44
12,13,44
12,13,43
12,14,43
11,14,43
11,13,43
11,13,44
11,13,43
11,12,43
12,12,43
13,12,43
14,12,43
14,13,43
14,13,42
14,13,41
13,13,41
13,14,41
13,13,41
13,14,41
13,14,42
14,14,42
14,13,42
14,13,43
14,13,42
14,13,41
15,13,41
15,14,41
14,14,41
14,15,41
14,15,40
14,14,40
14,14,41
14,13,41
14,13,40
15,13,40
15,13,39
15,12,39
15,12,38
15,13,38
15,13,37
15,13,38
14,13,38
14,13,37
14,14,37
14,14,36
15,14,36
15,13,36
15,14,36
14,14,36
14,14,37
14,13,37
14,12,37
14,12,38
14,12,39
14,11,39
14,11,38
14,12,38
14,12,37
13,12,37
13,11,37
14,11,37
14,11,36
14,10,36
15,10,36
15,11,36
15,12,36
16,12,36
17,12,36
17,12,35
16,12,35
16,11,35
16,12,35
16,11,35
16,11,34
16,11,33
15,11,33
16,11,33
16,11,32
17,11,32
16,11,32
16,11,31
16,11,30
17,11,30
18,11,30
17,11,30
17,11,29
17,11,28
17,12,28
18,12,28
18,12,29
18,11,29
19,11,29
18,11,29
17,11,29
18,11,29
18,12,29
18,12,30
18,12,31
18,13,31
18,12,31
18,12,30
18,12,29
18,13,29
17,13,29
17,13,28
16,13,28
15,13,28
15,14,28
15,13,28
15,13,29
15,13,30
15,13,29
15,12,29
15,11,29
15,11,30
15,12,30
15,13,30
15,12,30
15,12,29
14,12,29
14,13,29
14,14,29
14,13,29
14,12,29
14,12,28
14,12,27
14,13,27
14,12,27
15,12,27
14,12,27
14,12,28
14,12,29
14,13,29
14,13,28
14,13,27
15,13,27
15,12,27
16,12,27
16,12,26
17,12,26
17,12,25
17,12,26
16,12,26
16,11,26
16,10,26
16,10,27
16,10,26
16,9,26
16,10,26
16,10,27
15,10,27
14,10,27
14,9,27
15,9,27
15,9,26
14,9,26
14,8,26
14,9,26
15,9,26
15,9,27
16,9,27
17,9,27
18,9,27
18,9,26
18,9,27
18,10,27
18,10,28
17,10,28
17,10,27
16,10,27
15,10,27
16,10,27
16,10,28
16,11,28
17,11,28
17,11,29
17,11,30
17,11,31
17,11,32
17,10,32
16,10,32
16,10,31
16,9,31
16,10,31
17,10,31
16,10,31
15,10,31
15,9,31
15,10,31
15,11,31
14,11,31
14,10,31
14,11,31
14,11,32
14,11,31
14,11,32
14,10,32
14,10,31
14,9,31
14,8,31
14,8,32
14,7,32
14,7,33
14,7,34
14,8,34
14,9,34
14,8,34
14,7,34
14,6,34
14,6,33
15,6,33
15,6,34
15,6,33
15,6,34
16,6,34
17,6,34
17,6,35
18,6,35
18,5,35
19,5,35
19,4,35
19,4,34
19,4,35
19,3,35
19,3,36
19,3,37
20,3,37
20,4,37
20,4,38
20,5,38
20,6,38
21,6,38
22,6,38
22,6,37
21,6,37
21,7,37
21,7,36
21,7,35
21,6,35
21,5,35
21,5,34
21,6,34
21,5,34
21,6,34
22,6,34
22,5,34
22,5,33
21,5,33
21,4,33
21,4,34
21,4,35
20,4,35
19,4,35
19,5,35
19,5,34
19,5,33
19,6,33
19,6,34
19,5,34
19,5,33
18,5,33
18,4,33
18,5,33
19,5,33
19,5,34
19,5,33
19,5,34
19,6,34
20,6,34
20,5,34
19,5,34
18,5,34
19,5,34
19,5,33
18,5,33
19,5,33
19,5,32
19,6,32
18,6,32
19,6,32
19,6,33
19,6,34
19,6,33
19,5,33
18,5,33
18,4,33
18,4,32
17,4,32
17,4,33
17,4,32
17,5,32
18,5,32
18,4,32
17,4,32
17,4,31
18,4,31
17,4,31
16,4,31
16,5,31
16,4,31
16,4,32
16,5,32
17,5,32
17,5,33
18,5,33
18,5,34
19,5,34
19,6,34
19,7,34
18,7,34
18,6,34
18,6,33
18,6,34
18,6,35
19,6,35
18,6,35
19,6,35
19,6,36
19,5,36
19,5,37
19,6,37
18,6,37
18,7,37
18,7,36
18,7,35
18,8,35
19,8,35
19,8,34
19,8,33
19,7,33
19,6,33
19,5,33
20,5,33
20,4,33
20,4,34
19,4,34
18,4,34
18,5,34
19,5,34
19,4,34
19,5,34
20,5,34
20,5,33
19,5,33
19,6,33
19,6,32
19,6,33
18,6,33
18,7,33
17,7,33
17,8,33
17,8,34
17,8,33
17,7,33
18,7,33
17,7,33
18,7,33
18,7,32
18,6,32
18,6,31
18,5,31
17,5,31
16,5,31
15,5,31
14,5,31
14,6,31
14,6,32
14,6,31
14,6,32
15,6,32
15,6,33
15,5,33
14,5,33
14,4,33
13,4,33
13,4,34
12,4,34
12,4,33
12,5,33
12,5,34
12,6,34
13,6,34
13,6,35
13,5,35
14,5,35
14,5,34
15,5,34
15,5,33
15,5,34
15,4,34
15,4,35
14,4,35
14,5,35
14,5,34
14,5,33
14,4,33
14,4,32
14,5,32
14,6,32
15,6,32
15,5,32
15,4,32
15,3,32
16,3,32
16,4,32
15,4,32
14,4,32
14,5,32
14,5,33
13,5,33
13,5,32
14,5,32
14,5,33
13,5,33
13,5,32
13,6,32
13,5,32
13,5,31
13,5,32
13,5,33
13,6,33
13,6,34
13,6,33
13,5,33
13,4,33
12,4,33
12,3,33
12,4,33
11,4,33
10,4,33
10,4,32
10,4,31
9,4,31
9,3,31
9,3,32
9,3,31
9,3,32
9,3,33
9,2,33
9,2,32
9,2,31
9,2,32
9,2,31
9,3,31
8,3,31
7,3,31
7,2,31
7,2,30
7,2,31
7,1,31
7,1,30
6,1,30
5,1,30
6,1,30
6,1,31
6,0,31
6,0,32
6,0,33
6,0,32
6,0,31
6,1,31
7,1,31
7,1,32
7,1,33
7,0,33
7,0,34
8,0,34
8,1,34
8,0,34
8,0,35
8,0,36
7,0,36
7,1,36
7,1,35
7,1,36
7,0,36
7,0,35
7,-1,35
6,-1,35
6,-1,34
7,-1,34
8,-1,34
9,-1,34
10,-1,34
11,-1,34
12,-1,34
11,-1,34
10,-1,34
11,-1,34
12,-1,34
12,-1,33
12,-2,33
12,-2,32
12,-3,32
12,-4,32
12,-4,33
12,-5,33
12,-5,32
11,-5,32
10,-5,32
11,-5,32
11,-6,32
11,-6,31
11,-6,32
11,-6,33
10,-6,33
10,-6,34
11,-6,34
12,-6,34
12,-6,33
12,-7,33
13,-7,33
13,-8,33
12,-8,33
12,-7,33
12,-6,33
12,-7,33
13,-7,33
13,-7,34
12,-7,34
11,-7,34
11,-7,35
10,-7,35
10,-6,35
10,-6,34
9,-6,34
9,-6,33
9,-5,33
10,-5,33
11,-5,33
11,-5,32
11,-6,32
11,-7,32
10,-7,32
10,-7,31
10,-8,31
10,-9,31
11,-9,31
11,-9,30
11,-8,30
11,-8,31
11,-7,31
11,-6,31
11,-6,32
11,-6,31
11,-5,31
11,-4,31
11,-4,32
11,-4,31
11,-4,30
10,-4,30
10,-4,31
9,-4,31
9,-4,30
9,-3,30
9,-3,31
10,-3,31
11,-3,31
10,-3,31
10,-3,30
9,-3,30
9,-2,30
9,-2,31
9,-2,30
8,-2,30
9,-2,30
8,-2,30
8,-3,30
7,-3,30
7,-4,30
7,-3,30
7,-3,29
7,-2,29
7,-2,30
7,-1,30
6,-1,30
6,-2,30
5,-2,30
4,-2,30
4,-2,31
4,-1,31
4,-2,31
4,-2,30
4,-1,30
3,-1,30
3,-1,29
3,0,29
2,0,29
2,0,28
3,0,28
3,0,29
3,0,30
3,0,29
4,0,29
3,0,29
3,1,29
2,1,29
2,1,28
2,1,27
2,1,26
1,1,26
1,2,26
2,2,26
2,2,27
2,2,26
1,2,26
0,2,26
1,2,26
1,2,25
1,2,26
2,2,26
2,1,26
2,0,26
1,0,26
1,1,26
0,1,26
0,1,25
0,1,26
0,2,26
0,1,26
0,0,26
1,0,26
1,1,26
2,1,26
2,0,26
2,1,26
2,2,26
2,3,26
2,3,27
2,3,28
2,3,29
2,2,29
2,2,28
3,2,28
4,2,28
5,2,28
6,2,28
5,2,28
5,1,28
5,1,29
6,1,29
5,1,29
5,1,28
5,1,29
5,2,29
5,2,28
5,2,29
4,2,29
4,2,28
5,2,28
5,2,27
4,2,27
5,2,27
5,2,26
5,2,25
5,2,26
5,1,26
5,0,26
6,0,26
7,0,26
7,1,26
7,2,26
8,2,26
8,2,27
9,2,27
9,2,28
10,2,28
10,1,28
9,1,28
8,1,28
8,1,27
8,1,26
8,1,25
7,1,25
7,2,25
7,2,24
7,1,24
7,2,24
7,2,25
8,2,25
9,2,25
8,2,25
8,2,26
7,2,26
7,1,26
7,0,26
6,0,26
6,-1,26
6,-2,26
5,-2,26
5,-3,26
5,-3,27
4,-3,27
3,-3,27
3,-3,28
4,-3,28
3,-3,28
3,-3,29
3,-3,30
2,-3,30
2,-2,30
2,-1,30
2,-1,31
1,-1,31
1,-2,31
1,-1,31
0,-1,31
0,-1,30
0,-1,31
-1,-1,31
-1,0,31
-1,0,30
-1,1,30
-2,1,30
-2,1,29
-1,1,29
-1,1,28
-1,2,28
0,2,28
0,1,28
0,0,28
0,1,28
-1,1,28
-1,2,28
-1,3,28
-1,4,28
-2,4,28
-1,4,28
-1,4,29
-1,5,29
0,5,29
-1,5,29
-1,5,30
-2,5,30
-2,4,30
-1,4,30
-1,4,29
0,4,29
0,5,29
0,4,29
0,5,29
-1,5,29
-2,5,29
-2,5,30
-2,6,30
-2,6,29
-2,6,28
-2,7,28
-2,6,28
-2,6,29
-1,6,29
-1,5,29
-1,6,29
-1,7,29
-1,7,30
-2,7,30
-2,8,30
-1,8,30
-1,7,30
-1,7,31
-1,7,32
-1,6,32
-1,5,32
0,5,32
1,5,32
1,5,31
1,6,31
1,5,31
0,5,31
0,6,31
0,5,31
0,5,30
-1,5,30
-2,5,30
-2,5,29
-2,5,28
-2,4,28
-3,4,28
-3,3,28
-4,3,28
-4,2,28
-4,1,28
-5,1,28
-4,1,28
-3,1,28
-2,1,28
-2,0,28
-3,0,28
-3,0,29
-2,0,29
-1,0,29
-1,0,28
0,0,28
0,0,29
0,0,30
0,0,29
0,0,30
0,1,30
0,2,30
1,2,30
0,2,30
0,3,30
-1,3,30
-1,3,31
0,3,31
0,2,31
0,2,32
0,2,33
0,2,32
0,3,32
0,4,32
1,4,32
2,4,32
2,5,32
2,5,31
2,5,32
2,5,33
3,5,33
3,5,32
3,5,31
3,5,32
2,5,32
2,5,31
2,5,32
2,6,32
1,6,32
1,5,32
0,5,32
0,6,32
-1,6,32
-1,6,33
-1,6,32
-1,6,31
-1,5,31
0,5,31
0,6,31
1,6,31
1,5,31
0,5,31
1,5,31
0,5,31
-1,5,31
-1,4,31
-1,4,30
-1,4,29
-1,5,29
-1,4,29
-1,4,28
-2,4,28
-2,4,29
-2,4,30
-1,4,30
-1,5,30
-2,5,30
-2,6,30
-2,6,29
-2,5,29
-2,5,30
-3,5,30
-3,6,30
-3,6,31
-3,5,31
-2,5,31
-3,5,31
-3,6,31
-4,6,31
-4,6,30
-4,6,31
-3,6,31
-3,6,30
-2,6,30
-2,5,30
-2,5,31
-1,5,31
-1,5,30
0,5,30
0,5,31
0,6,31
1,6,31
1,6,30
1,6,31
1,6,30
1,6,29
2,6,29
2,5,29
1,5,29
1,4,29
1,5,29
1,5,28
2,5,28
3,5,28
3,6,28
3,6,29
3,5,29
3,4,29
3,4,30
4,4,30
4,5,30
4,6,30
4,6,31
3,6,31
4,6,31
5,6,31
5,6,32
5,6,33
4,6,33
3,6,33
4,6,33
4,7,33
5,7,33
5,7,32
5,6,32
6,6,32
6,7,32
6,7,31
6,7,30
6,8,30
6,8,31
7,8,31
7,8,32
6,8,32
6,8,33
6,7,33
7,7,33
7,8,33
7,7,33
7,7,32
6,7,32
7,7,32
8,7,32
8,6,32
8,6,33
8,5,33
8,4,33
8,3,33
7,3,33
7,3,32
7,2,32
7,2,31
7,2,32
7,2,33
7,1,33
7,0,33
7,-1,33
6,-1,33
6,-1,32
6,-1,31
6,-2,31
7,-2,31
6,-2,31
5,-2,31
5,-2,32
5,-2,33
5,-1,33
5,-2,33
6,-2,33
7,-2,33
6,-2,33
6,-2,32
6,-1,32
7,-1,32
6,-1,32
7,-1,32
7,0,32
6,0,32
6,-1,32
6,-2,32
7,-2,32
7,-2,33
8,-2,33
9,-2,33
8,-2,33
8,-2,32
9,-2,32
9,-3,32
8,-3,32
8,-3,31
9,-3,31
9,-4,31
9,-4,30
9,-4,31
9,-4,32
9,-5,32
9,-5,31
8,-5,31
8,-6,31
9,-6,31
9,-7,31
8,-7,31
8,-7,32
8,-7,33
8,-7,34
9,-7,34
9,-6,34
8,-6,34
7,-6,34
7,-7,34
7,-7,33
7,-8,33
8,-8,33
7,-8,33
7,-8,34
7,-8,35
8,-8,35
8,-8,36
9,-8,36
8,-8,36
7,-8,36
7,-8,35
7,-7,35
8,-7,35
8,-6,35
9,-6,35
9,-6,36
10,-6,36
10,-6,37
9,-6,37
9,-6,36
9,-5,36
9,-5,37
9,-5,36
8,-5,36
7,-5,36
7,-5,37
8,-5,37
7,-5,37
8,-5,37
9,-5,37
10,-5,37
11,-5,37
11,-5,36
11,-6,36
12,-6,36
12,-6,37
13,-6,37
13,-5,37
13,-5,38
14,-5,38
14,-4,38
15,-4,38
14,-4,38
13,-4,38
14,-4,38
13,-4,38
12,-4,38
12,-5,38
12,-6,38
13,-6,38
13,-6,39
13,-7,39
13,-6,39
13,-7,39
13,-6,39
13,-7,39
12,-7,39
13,-7,39
13,-7,38
13,-6,38
13,-6,39
14,-6,39
13,-6,39
12,-6,39
12,-6,38
13,-6,38
13,-5,38
13,-5,37
14,-5,37
14,-5,36
14,-5,35
14,-5,34
14,-5,33
13,-5,33
14,-5,33
14,-5,32
14,-4,32
14,-4,33
15,-4,33
15,-4,32
15,-4,31
14,-4,31
14,-4,30
14,-4,31
13,-4,31
13,-4,32
13,-4,31
12,-4,31
12,-4,30
12,-4,29
13,-4,29
13,-3,29
13,-3,30
12,-3,30
12,-4,30
11,-4,30
10,-4,30
11,-4,30
11,-4,29
11,-3,29
10,-3,29
9,-3,29
8,-3,29
8,-2,29
9,-2,29
9,-3,29
9,-2,29
10,-2,29
11,-2,29
11,-2,30
12,-2,30
12,-3,30
11,-3,30
10,-3,30
10,-3,29
11,-3,29
10,-3,29
10,-2,29
11,-2,29
11,-1,29
11,0,29
11,0,30
12,0,30
11,0,30
11,0,31
11,0,32
11,1,32
12,1,32
12,2,32
12,1,32
12,0,32
12,0,31
13,0,31
13,0,30
13,-1,30
13,-1,31
14,-1,31
15,-1,31
14,-1,31
15,-1,31
16,-1,31
15,-1,31
14,-1,31
14,-1,32
14,-2,32
13,-2,32
13,-2,33
13,-2,34
13,-1,34
13,-2,34
13,-3,34
13,-3,35
12,-3,35
12,-3,36
11,-3,36
10,-3,36
9,-3,36
9,-4,36
9,-5,36
9,-4,36
9,-4,35
8,-4,35
8,-5,35
8,-5,36
8,-5,35
8,-5,36
8,-6,36
8,-5,36
9,-5,36
9,-6,36
9,-6,35
9,-6,34
9,-7,34
9,-6,34
10,-6,34
10,-5,34
10,-4,34
10,-4,35
10,-3,35
10,-4,35
9,-4,35
9,-4,36
9,-4,37
9,-3,37
8,-3,37
8,-2,37
7,-2,37
8,-2,37
8,-2,38
8,-3,38
8,-4,38
8,-4,39
8,-4,40
8,-4,41
8,-5,41
8,-5,40
8,-6,40
8,-7,40
8,-7,39
8,-6,39
9,-6,39
9,-6,40
9,-5,40
10,-5,40
9,-5,40
10,-5,40
10,-5,39
9,-5,39
9,-5,38
9,-5,37
9,-4,37
9,-4,36
9,-5,36
9,-4,36
9,-4,35
9,-5,35
9,-4,35
9,-5,35
9,-5,36
9,-6,36
9,-6,35
9,-5,35
8,-5,35
8,-5,34
9,-5,34
9,-4,34
9,-4,35
9,-5,35
9,-5,34
9,-6,34
8,-6,34
8,-6,33
7,-6,33
6,-6,33
5,-6,33
5,-6,32
5,-6,31
4,-6,31
4,-7,31
3,-7,31
3,-7,32
3,-7,33
3,-6,33
3,-6,34
4,-6,34
4,-6,33
3,-6,33
2,-6,33
3,-6,33
3,-6,32
3,-6,33
3,-6,32
4,-6,32
4,-6,31
4,-5,31
4,-5,32
4,-5,33
4,-5,34
5,-5,34
4,-5,34
4,-5,33
3,-5,33
3,-6,33
2,-6,33
2,-5,33
2,-4,33
2,-5,33
2,-4,33
1,-4,33
2,-4,33
2,-4,32
2,-3,32
3,-3,32
3,-3,31
3,-4,31
2,-4,31
2,-3,31
2,-3,30
2,-2,30
2,-2,31
2,-3,31
2,-3,30
2,-4,30
3,-4,30
2,-4,30
3,-4,30
3,-5,30
3,-6,30
3,-5,30
3,-6,30
3,-5,30
3,-5,31
3,-6,31
2,-6,31
2,-6,32
2,-5,32
1,-5,32
2,-5,32
2,-5,33
1,-5,33
0,-5,33
1,-5,33
1,-5,32
2,-5,32
2,-4,32
2,-4,33
2,-3,33
1,-3,33
1,-3,34
1,-3,35
1,-3,34
1,-3,35
2,-3,35
2,-3,34
3,-3,34
3,-3,35
3,-3,34
3,-4,34
2,-4,34
2,-4,33
1,-4,33
1,-3,33
1,-4,33
1,-5,33
1,-5,32
1,-4,32
2,-4,32
2,-4,31
2,-4,30
2,-5,30
2,-5,31
2,-5,32
2,-5,31
2,-5,32
1,-5,32
1,-4,32
2,-4,32
2,-4,31
2,-3,31
2,-4,31
3,-4,31
2,-4,31
3,-4,31
3,-5,31
4,-5,31
5,-5,31
5,-6,31
5,-6,32
5,-6,33
5,-6,32
5,-7,32
5,-8,32
5,-9,32
6,-9,32
6,-10,32
5,-10,32
4,-10,32
4,-9,32
4,-10,32
4,-10,33
4,-9,33
4,-9,32
4,-8,32
4,-7,32
4,-7,31
4,-6,31
3,-6,31
3,-6,32
2,-6,32
2,-5,32
3,-5,32
3,-6,32
4,-6,32
3,-6,32
3,-5,32
3,-5,31
3,-5,32
2,-5,32
1,-5,32
1,-6,32
1,-5,32
2,-5,32
2,-5,31
2,-5,32
2,-4,32
2,-3,32
2,-2,32
1,-2,32
1,-2,31
0,-2,31
1,-2,31
2,-2,31
2,-2,30
2,-3,30
2,-3,29
2,-3,30
2,-2,30
2,-3,30
2,-3,31
3,-3,31
3,-2,31
3,-2,32
3,-1,32
3,-2,32
3,-2,31
3,-3,31
2,-3,31
2,-3,30
2,-3,31
2,-4,31
2,-4,32
2,-4,31
3,-4,31
3,-5,31
4,-5,31
4,-5,30
4,-5,29
5,-5,29
5,-4,29
5,-4,28
5,-4,29
5,-5,29
5,-5,30
4,-5,30
4,-5,31
4,-5,32
4,-4,32
4,-4,33
4,-3,33
4,-3,32
4,-3,31
4,-2,31
3,-2,31
3,-3,31
3,-4,31
3,-4,32
3,-5,32
4,-5,32
4,-5,33
4,-6,33
4,-7,33
5,-7,33
5,-7,32
5,-8,32
5,-9,32
4,-9,32
4,-9,33
3,-9,33
4,-9,33
3,-9,33
3,-10,33
3,-11,33
2,-11,33
3,-11,33
4,-11,33
4,-12,33
4,-12,34
4,-11,34
4,-10,34
4,-9,34
4,-10,34
4,-9,34
4,-9,35
4,-10,35
4,-9,35
4,-9,34
3,-9,34
3,-9,33
3,-10,33
2,-10,33
2,-11,33
3,-11,33
3,-12,33
3,-12,32
2,-12,32
2,-12,31
2,-12,32
1,-12,32
1,-12,31
1,-11,31
1,-11,30
1,-11,29
1,-12,29
1,-13,29
1,-12,29
1,-13,29
1,-12,29
1,-11,29
1,-11,30
1,-11,31
1,-11,32
1,-10,32
0,-10,32
-1,-10,32
-2,-10,32
-2,-11,32
-2,-10,32
-2,-9,32
-2,-10,32
-2,-10,31
-3,-10,31
-3,-10,30
-4,-10,30
-5,-10,30
-5,-10,31
-4,-10,31
-4,-11,31
-4,-10,31
-5,-10,31
-5,-11,31
-5,-10,31
-4,-10,31
-4,-9,31
-3,-9,31
-3,-10,31
-4,-10,31
-4,-10,32
-4,-10,31
-4,-11,31
-5,-11,31
-5,-10,31
-6,-10,31
-5,-10,31
-4,-10,31
-4,-10,32
-4,-10,33
-5,-10,33
-5,-10,32
-4,-10,32
-4,-9,32
-3,-9,32
-3,-10,32
-3,-10,33
-3,-9,33
-3,-10,33
-3,-11,33
-3,-12,33
-3,-13,33
-2,-13,33
-2,-13,34
-2,-12,34
-2,-13,34
-1,-13,34
-1,-12,34
-1,-12,35
0,-12,35
0,-11,35
0,-12,35
0,-12,36
0,-11,36
1,-11,36
1,-11,35
1,-11,34
1,-10,34
1,-9,34
2,-9,34
2,-9,33
2,-8,33
1,-8,33
1,-8,34
1,-8,35
1,-7,35
1,-7,34
2,-7,34
2,-7,35
2,-7,34
1,-7,34
0,-7,34
1,-7,34
2,-7,34
2,-7,35
2,-8,35
2,-8,34
2,-8,35
2,-8,34
2,-8,33
2,-8,32
2,-8,31
2,-8,32
3,-8,32
3,-8,31
3,-9,31
3,-10,31
3,-9,31
3,-9,30
3,-9,29
3,-9,28
2,-9,28
1,-9,28
1,-9,27
1,-10,27
0,-10,27
0,-10,26
0,-11,26
0,-11,27
0,-11,28
0,-12,28
0,-12,27
1,-12,27
1,-13,27
2,-13,27
2,-14,27
2,-14,26
2,-14,27
3,-14,27
3,-13,27
3,-13,28
4,-13,28
3,-13,28
3,-13,29
3,-13,28
3,-13,29
2,-13,29
2,-12,29
1,-12,29
1,-11,29
2,-11,29
2,-11,30
2,-11,31
2,-11,30
2,-10,30
1,-10,30
1,-10,29
1,-11,29
1,-10,29
2,-10,29
2,-11,29
3,-11,29
4,-11,29
4,-12,29
4,-12,30
4,-12,31
3,-12,31
3,-12,32
4,-12,32
5,-12,32
6,-12,32
6,-13,32
7,-13,32
7,-12,32
7,-13,32
7,-13,31
7,-14,31
7,-14,30
8,-14,30
8,-14,31
8,-14,32
9,-14,32
10,-14,32
10,-13,32
10,-12,32
10,-12,31
10,-11,31
11,-11,31
12,-11,31
12,-11,32
12,-11,31
11,-11,31
12,-11,31
12,-12,31
12,-12,32
12,-11,32
12,-10,32
12,-11,32
13,-11,32
13,-12,32
14,-12,32
14,-13,32
14,-14,32
14,-15,32
14,-15,33
14,-15,34
13,-15,34
14,-15,34
14,-15,33
13,-15,33
14,-15,33
14,-15,34
15,-15,34
14,-15,34
14,-14,34
14,-13,34
14,-12,34
13,-12,34
14,-12,34
15,-12,34
15,-12,35
15,-12,34
15,-12,35
15,-12,34
15,-13,34
15,-14,34
16,-14,34
17,-14,34
17,-14,35
17,-14,34
17,-14,35
17,-13,35
17,-12,35
18,-12,35
18,-13,35
18,-14,35
18,-15,35
19,-15,35
20,-15,35
20,-14,35
20,-14,36
20,-13,36
19,-13,36
19,-13,35
19,-12,35
18,-12,35
19,-12,35
19,-13,35
19,-13,34
19,-13,35
18,-13,35
17,-13,35
18,-13,35
18,-13,36
18,-14,36
19,-14,36
20,-14,36
20,-13,36
20,-14,36
20,-14,37
21,-14,37
21,-14,38
22,-14,38
23,-14,38
23,-14,37
24,-14,37
24,-14,38
24,-14,37
25,-14,37
25,-14,38
25,-15,38
25,-16,38
25,-16,39
25,-16,40
25,-17,40
25,-16,40
25,-16,41
25,-15,41
25,-15,40
25,-15,39
25,-15,40
25,-14,40
25,-13,40
25,-13,41
26,-13,41
25,-13,41
25,-14,41
25,-13,41
26,-13,41
26,-13,42
26,-12,42
26,-12,43
27,-12,43
27,-13,43
27,-13,44
27,-12,44
27,-13,44
27,-13,43
27,-13,42
26,-13,42
27,-13,42
27,-14,42
28,-14,42
27,-14,42
26,-14,42
25,-14,42
25,-14,43
25,-13,43
24,-13,43
24,-13,42
24,-13,41
25,-13,41
25,-13,42
25,-14,42
25,-13,42
26,-13,42
26,-12,42
26,-13,42
26,-13,41
26,-12,41
26,-13,41
27,-13,41
26,-13,41
26,-12,41
27,-12,41
28,-12,41
28,-11,41
27,-11,41
26,-11,41
26,-10,41
25,-10,41
25,-9,41
25,-8,41
25,-9,41
25,-9,40
26,-9,40
26,-9,39
26,-10,39
25,-10,39
25,-10,40
25,-9,40
26,-9,40
26,-8,40
25,-8,40
25,-8,41
26,-8,41
27,-8,41
27,-8,42
27,-8,41
28,-8,41
28,-7,41
28,-8,41
28,-9,41
28,-10,41
29,-10,41
29,-11,41
29,-12,41
29,-12,40
28,-12,40
28,-13,40
27,-13,40
27,-13,41
27,-13,40
28,-13,40
28,-13,41
29,-13,41
29,-14,41
29,-14,42
30,-14,42
30,-13,42
29,-13,42
29,-13,43
30,-13,43
30,-13,44
30,-12,44
30,-12,45
30,-12,44
30,-12,45
30,-11,45
30,-12,45
31,-12,45
31,-12,44
31,-12,43
30,-12,43
29,-12,43
28,-12,43
29,-12,43
29,-13,43
29,-13,44
29,-14,44
29,-15,44
30,-15,44
30,-15,43
30,-14,43
29,-14,43
30,-14,43
30,-15,43
31,-15,43
30,-15,43
30,-16,43
30,-15,43
30,-14,43
29,-14,43
29,-14,44
29,-13,44
29,-13,43
29,-12,43
29,-12,44
29,-13,44
29,-14,44
30,-14,44
29,-14,44
29,-13,44
29,-13,45
28,-13,45
28,-13,46
28,-14,46
28,-15,46
29,-15,46
29,-16,46
29,-16,47
28,-16,47
29,-16,47
29,-17,47
29,-16,47
30,-16,47
30,-16,46
30,-17,46
29,-17,46
30,-17,46
30,-17,47
30,-16,47
30,-17,47
30,-17,48
30,-17,47
30,-16,47
30,-16,48
30,-16,47
31,-16,47
31,-16,46
30,-16,46
30,-15,46
30,-15,45
29,-15,45
30,-15,45
30,-15,44
30,-16,44
30,-16,45
29,-16,45
29,-15,45
29,-15,46
29,-15,47
29,-14,47
29,-13,47
29,-14,47
30,-14,47
30,-15,47
30,-16,47
30,-16,48
29,-16,48
29,-15,48
28,-15,48
28,-15,49
28,-16,49
28,-16,48
28,-17,48
28,-16,48
29,-16,48
29,-16,49
29,-17,49
29,-17,48
30,-17,48
30,-16,48
30,-17,48
31,-17,48
31,-17,49
32,-17,49
32,-18,49
31,-18,49
30,-18,49
30,-18,48
30,-17,48
30,-17,47
30,-18,47
29,-18,47
30,-18,47
30,-18,48
30,-17,48
31,-17,48
31,-18,48
31,-19,48
32,-19,48
33,-19,48
33,-19,47
33,-20,47
33,-19,47
33,-18,47
33,-19,47
34,-19,47
34,-19,46
34,-19,45
34,-19,44
33,-19,44
33,-19,43
33,-19,44
33,-19,43
33,-20,43
33,-20,42
34,-20,42
33,-20,42
32,-20,42
32,-20,41
32,-21,41
32,-22,41
32,-22,42
31,-22,42
31,-22,43
31,-22,44
32,-22,44
32,-22,43
31,-22,43
31,-23,43
31,-22,43
31,-23,43
31,-23,44
31,-23,43
31,-23,44
30,-23,44
30,-23,43
30,-24,43
30,-25,43
31,-25,43
30,-25,43
30,-25,44
30,-24,44
30,-25,44
30,-25,45
30,-26,45
30,-25,45
30,-25,44
30,-25,45
30,-25,44
30,-25,43
30,-26,43
30,-25,43
30,-25,44
29,-25,44
29,-25,43
29,-25,42
29,-25,43
29,-25,42
29,-25,43
29,-26,43
29,-26,42
29,-26,43
28,-26,43
28,-27,43
29,-27,43
29,-26,43
28,-26,43
28,-27,43
27,-27,43
26,-27,43
27,-27,43
27,-28,43
26,-28,43
26,-29,43
26,-29,42
27,-29,42
28,-29,42
27,-29,42
26,-29,42
26,-28,42
26,-28,43
26,-28,44
26,-28,43
27,-28,43
26,-28,43
26,-29,43
27,-29,43
28,-29,43
28,-29,42
28,-29,41
29,-29,41
29,-28,41
29,-28,40
29,-28,39
29,-27,39
30,-27,39
29,-27,39
29,-27,38
29,-27,39
29,-27,38
29,-28,38
30,-28,38
30,-27,38
30,-28,38
30,-29,38
29,-29,38
29,-29,37
29,-29,36
28,-29,36
27,-29,36
27,-29,37
27,-28,37
26,-28,37
26,-28,36
26,-29,36
26,-30,36
26,-30,35
26,-31,35
26,-31,36
25,-31,36
25,-30,36
26,-30,36
26,-30,35
26,-30,36
27,-30,36
27,-31,36
27,-32,36
27,-32,35
27,-31,35
27,-30,35
27,-30,36
27,-29,36
27,-28,36
27,-28,35
27,-29,35
28,-29,35
28,-30,35
27,-30,35
26,-30,35
27,-30,35
27,-30,34
27,-30,35
27,-29,35
26,-29,35
26,-29,36
27,-29,36
28,-29,36
28,-29,35
28,-29,36
27,-29,36
27,-30,36
28,-30,36
27,-30,36
26,-30,36
26,-30,35
26,-30,36
25,-30,36
25,-30,35
25,-30,36
25,-31,36
24,-31,36
24,-32,36
25,-32,36
25,-31,36
25,-30,36
24,-30,36
24,-31,36
25,-31,36
25,-32,36
25,-31,36
25,-32,36
26,-32,36
25,-32,36
26,-32,36
26,-32,37
26,-31,37
26,-32,37
27,-32,37
28,-32,37
28,-33,37
28,-33,38
28,-33,37
28,-33,38
27,-33,38
27,-33,39
27,-34,39
27,-34,38
27,-34,37
26,-34,37
26,-34,38
26,-34,39
25,-34,39
25,-33,39
26,-33,39
26,-33,40
26,-32,40
27,-32,40
27,-31,40
27,-32,40
27,-33,40
28,-33,40
28,-33,41
28,-32,41
28,-32,40
28,-33,40
28,-32,40
29,-32,40
29,-33,40
30,-33,40
30,-33,41
29,-33,41
29,-34,41
29,-33,41
30,-33,41
31,-33,41
31,-33,42
31,-34,42
32,-34,42
31,-34,42
30,-34,42
30,-34,43
30,-35,43
30,-35,42
30,-34,42
29,-34,42
29,-33,42
29,-33,41
30,-33,41
30,-34,41
29,-34,41
30,-34,41
29,-34,41
29,-34,42
29,-34,41
29,-34,42
29,-33,42
29,-34,42
29,-35,42
28,-35,42
27,-35,42
27,-35,43
27,-34,43
26,-34,43
26,-33,43
26,-33,44
26,-33,43
26,-32,43
26,-32,42
25,-32,42
25,-32,41
25,-32,40
25,-31,40
24,-31,40
24,-30,40
24,-30,39
24,-30,40
24,-31,40
23,-31,40
24,-31,40
24,-30,40
24,-29,40
24,-29,39
24,-29,40
24,-29,39
24,-29,40
24,-29,39
24,-29,40
25,-29,40
25,-30,40
26,-30,40
26,-30,39
26,-30,40
27,-30,40
28,-30,40
28,-31,40
28,-31,39
27,-31,39
26,-31,39
26,-32,39
26,-31,39
26,-32,39
27,-32,39
27,-33,39
27,-33,40
27,-32,40
28,-32,40
28,-33,40
27,-33,40
27,-33,41
26,-33,41
26,-32,41
26,-31,41
26,-32,41
26,-33,41
26,-32,41
25,-32,41
25,-33,41
25,-32,41
25,-32,42
25,-32,41
26,-32,41
26,-33,41
26,-33,40
26,-33,39
26,-34,39
25,-34,39
25,-35,39
26,-35,39
26,-35,38
26,-36,38
25,-36,38
25,-37,38
26,-37,38
26,-37,39
25,-37,39
25,-37,40
24,-37,40
25,-37,40
25,-36,40
25,-36,41
25,-36,40
26,-36,40
26,-35,40
26,-34,40
26,-35,40
27,-35,40
27,-35,39
27,-36,39
27,-36,40
27,-36,39
27,-37,39
27,-38,39
27,-38,38
27,-37,38
27,-36,38
27,-36,37
27,-36,38
26,-36,38
26,-37,38
26,-37,39
26,-38,39
25,-38,39
25,-38,40
24,-38,40
24,-38,41
25,-38,41
25,-38,42
25,-39,42
26,-39,42
26,-40,42
27,-40,42
26,-40,42
26,-39,42
25,-39,42
25,-40,42
26,-40,42
26,-40,41
26,-40,42
26,-41,42
27,-41,42
27,-41,41
26,-41,41
27,-41,41
27,-42,41
27,-42,40
28,-42,40
27,-42,40
28,-42,40
29,-42,40
29,-42,41
29,-41,41
29,-40,41
29,-41,41
29,-41,42
29,-41,41
30,-41,41
30,-41,42
31,-41,42
31,-40,42
30,-40,42
31,-40,42
31,-41,42
30,-41,42
31,-41,42
31,-42,42
31,-43,42
30,-43,42
30,-44,42
30,-44,41
30,-44,42
30,-44,41
30,-45,41
30,-46,41
29,-46,41
28,-46,41
28,-46,42
29,-46,42
28,-46,42
29,-46,42
29,-46,41
29,-46,42
29,-45,42
29,-45,43
30,-45,43
31,-45,43
32,-45,43
31,-45,43
31,-46,43
31,-45,43
31,-46,43
31,-47,43
31,-47,44
31,-47,43
31,-48,43
31,-49,43
32,-49,43
31,-49,43
31,-49,44
31,-49,43
32,-49,43
32,-49,44
32,-48,44
32,-48,45
32,-49,45
33,-49,45
33,-49,46
33,-49,45
33,-49,44
34,-49,44
34,-49,45
34,-50,45
34,-49,45
35,-49,45
35,-50,45
34,-50,45
34,-50,44
34,-49,44
34,-49,43
34,-49,42
34,-48,42
34,-49,42
34,-48,42
33,-48,42
34,-48,42
34,-47,42
33,-47,42
34,-47,42
34,-47,41
34,-47,42
35,-47,42
34,-47,42
33,-47,42
33,-46,42
33,-46,41
33,-46,42
33,-47,42
34,-47,42
34,-46,42
34,-46,41
34,-45,41
34,-45,40
34,-45,41
34,-45,42
34,-45,41
35,-45,41
35,-44,41
35,-43,41
35,-43,40
35,-43,39
34,-43,39
34,-43,38
34,-42,38
34,-41,38
34,-41,37
34,-40,37
33,-40,37
33,-40,36
33,-39,36
33,-39,35
33,-39,34
33,-39,35
33,-38,35
32,-38,35
32,-37,35
32,-36,35
32,-36,34
32,-36,33
32,-35,33
32,-35,32
32,-35,31
32,-35,30
31,-35,30
31,-35,31
31,-35,30
32,-35,30
32,-36,30
32,-36,29
32,-36,30
32,-37,30
32,-36,30
32,-35,30
32,-36,30
32,-35,30
32,-36,30
31,-36,30
31,-37,30
31,-37,31
32,-37,31
32,-38,31
32,-39,31
32,-39,32
32,-39,31
32,-39,30
31,-39,30
30,-39,30
30,-39,29
30,-39,28
31,-39,28
32,-39,28
31,-39,28
30,-39,28
30,-39,29
31,-39,29
31,-39,28
31,-40,28
30,-40,28
29,-40,28
29,-41,28
28,-41,28
28,-42,28
27,-42,28
27,-41,28
27,-42,28
26,-42,28
26,-42,29
27,-42,29
28,-42,29
28,-43,29
28,-44,29
28,-45,29
29,-45,29
29,-45,28
29,-45,27
29,-45,26
29,-45,25
28,-45,25
28,-45,24
27,-45,24
27,-44,24
27,-44,25
27,-44,26
27,-45,26
27,-44,26
28,-44,26
28,-45,26
27,-45,26
26,-45,26
27,-45,26
28,-45,26
29,-45,26
29,-45,27
29,-46,27
29,-46,28
29,-45,28
29,-44,28
28,-44,28
28,-45,28
28,-45,29
28,-46,29
28,-45,29
28,-45,28
29,-45,28
28,-45,28
28,-44,28
28,-45,28
27,-45,28
27,-45,29
27,-45,28
28,-45,28
28,-44,28
29,-44,28
30,-44,28
30,-43,28
30,-42,28
29,-42,28
28,-42,28
28,-42,29
29,-42,29
29,-42,30
29,-42,29
28,-42,29
29,-42,29
28,-42,29
27,-42,29
27,-41,29
27,-42,29
27,-42,28
27,-41,28
27,-41,29
27,-41,30
27,-41,31
27,-41,30
28,-41,30
28,-40,30
28,-39,30
29,-39,30
29,-39,29
29,-38,29
29,-39,29
29,-40,29
30,-40,29
29,-40,29
30,-40,29
30,-41,29
30,-42,29
31,-42,29
30,-42,29
31,-42,29
31,-42,28
30,-42,28
29,-42,28
28,-42,28
27,-42,28
27,-43,28
27,-44,28
27,-43,28
27,-44,28
27,-44,27
27,-44,26
27,-43,26
26,-43,26
26,-44,26
